,fighter_1,weight_1,reach_1,age_1,slpm_1,sapm_1,td_avg_1,sub_avg_1,strk_acc_1,strk_def_1,td_acc_1,td_def_1,wins_1,losses_1,fighter_2,weight_2,reach_2,age_2,slpm_2,sapm_2,td_avg_2,sub_avg_2,strk_acc_2,strk_def_2,td_acc_2,td_def_2,wins_2,losses_2,result,SUB_OVR,KO_OVR,Fighter_1_Odds,Fighter_2_Odds
0,DerrickLewis,260,79,36,2.59,2.16,0.52,0.0,50,44,26,54,25,7,CirylGane,245,81,31,5.13,2.6,0.82,0.3,54,63,21,0,9,0,0,0,1,250.0,-357.0
1,JoseAldo,135,70,35,3.45,3.52,0.57,0.1,45,61,56,91,29,7,PedroMunhoz,135,65,35,5.6,5.87,0.68,0.8,43,58,21,80,19,5,1,0,0,-125.0,-116.0
2,MichaelChiesa,170,75,34,1.89,1.71,3.6,0.9,40,54,52,68,18,4,VicenteLuque,170,11,30,5.74,5.78,0.66,0.9,54,52,50,65,20,7,0,1,0,-115.0,-116.0
3,SongYadong,135,67,24,4.35,3.64,0.59,0.4,42,57,75,56,16,5,CaseyKenney,135,68,30,4.81,4.3,1.1,0.5,42,59,39,59,16,3,1,0,0,-106.0,-146.0
4,BobbyGreen,155,10,35,5.17,3.32,1.56,0.3,51,63,41,72,27,11,RafaelFiziev,155,71,28,4.67,4.17,0.84,0.0,57,55,50,0,9,1,0,0,0,220.0,-315.0
5,VinceMorales,145,70,31,4.22,4.16,0.0,0.0,39,53,0,55,9,5,DrakoRodriguez,135,69,25,2.57,2.57,2.75,2.8,35,26,0,0,7,2,1,0,0,-115.0,-124.0
6,AlonzoMenifield,205,76,34,3.31,3.6,0.39,0.4,48,46,14,85,10,2,EdHerman,205,77,41,3.32,3.35,2.21,1.2,49,43,48,60,27,14,1,0,0,-303.0,190.0
7,ManelKape,125,68,28,3.67,4.3,1.0,0.0,45,48,28,80,15,6,OdeOsbourne,145,73,29,4.3,3.04,1.9,1.9,54,42,0,66,9,3,1,0,1,-250.0,160.0
8,MilesJohns,135,66,27,3.33,2.42,1.21,0.0,48,68,30,87,11,1,AndersonDosSantos,135,70,36,2.66,4.8,1.3,0.9,28,55,18,66,21,8,1,0,1,-250.0,160.0
9,JohnnyMunoz,145,71,28,3.27,1.4,2.0,1.0,62,58,12,0,10,1,JameySimmons,145,70,29,0.52,2.08,0.0,0.0,50,50,0,0,7,3,1,1,0,-350.0,225.0
10,JaredCannonier,185,11,37,3.7,3.09,0.16,0.0,52,64,33,54,13,5,KelvinGastelum,185,71,30,3.52,3.24,1.16,0.1,42,57,37,62,17,7,1,0,0,-161.0,120.0
11,ClayGuida,155,70,40,2.44,2.57,3.36,0.7,34,63,38,68,36,17,MarkMadsen,155,72,37,2.28,2.53,8.33,0.0,42,46,64,0,10,0,0,0,0,135.0,-185.0
12,ParkerPorter,265,75,36,7.69,7.36,1.65,1.1,49,52,60,0,11,6,ChaseSherman,250,78,32,6.0,5.77,0.0,0.0,45,52,0,77,15,7,1,0,0,150.0,-230.0
13,TrevinJones,135,70,31,3.84,6.81,1.17,0.0,61,35,20,0,13,6,SaidyokubKakhramonov,135,8,26,0.0,0.0,0.0,0.0,0,0,0,0,8,2,0,1,0,-174.0,117.0
14,VincPichel,155,10,39,3.2,2.28,3.83,0.3,46,56,60,20,13,2,AustinHubbard,155,10,30,3.66,2.61,0.81,0.0,50,59,66,58,13,5,1,0,0,-164.0,100.0
15,AlexandrePantoja,125,67,31,4.3,3.39,0.94,0.9,47,53,35,68,23,5,BrandonRoyval,125,68,29,3.77,2.88,0.79,2.4,46,47,0,53,12,5,1,1,0,-182.0,132.0
16,AustinLingo,145,10,27,3.57,3.17,1.0,0.0,44,62,66,76,8,1,LuisSaldana,145,11,30,4.39,1.79,0.0,0.6,51,64,0,42,15,6,1,0,0,-112.0,-125.0
17,BrianKelleher,135,66,35,3.92,5.47,1.0,0.7,39,53,25,59,22,12,DomingoPilarte,135,73,31,2.04,3.69,2.0,1.3,50,42,42,75,8,2,1,0,0,-200.0,140.0
18,WilliamKnight,205,10,33,3.56,2.56,2.56,0.3,74,34,53,40,9,2,FabioCherant,205,95,27,1.0,6.73,0.0,0.0,30,31,0,0,7,2,1,0,1,-200.0,141.0
19,RooseveltRoberts,155,73,27,3.03,2.27,1.75,1.1,49,52,53,58,10,2,IgnacioBahamondes,155,75,24,7.91,6.4,0.0,0.0,41,51,0,0,11,4,0,0,1,-175.0,120.0
20,SashaPalatnikov,170,72,32,7.58,6.15,0.82,0.0,52,52,0,80,6,3,RamizBrahimaj,170,10,29,3.73,6.14,0.0,0.0,36,55,0,0,8,3,0,1,0,128.0,-220.0
21,EdsonBarboza,145,11,35,4.16,4.15,0.42,0.1,44,59,44,78,22,9,GigaChikadze,145,74,33,3.55,2.67,0.38,0.0,44,60,33,68,13,2,0,0,1,-130.0,-105.0
22,BryanBattle,185,77,27,0.0,0.0,0.0,0.0,0,0,0,0,6,1,GilbertUrbina,185,60,25,0.0,0.0,0.0,0.0,0,0,0,0,6,2,1,1,0,-225.0,150.0
23,RickyTurcios,135,71,28,7.33,4.07,0.0,0.0,37,64,0,0,11,2,BradyHiestand,135,71,22,0.0,0.0,0.0,0.0,0,0,0,0,6,1,1,0,0,-167.0,106.0
24,AndrePetroski,185,73,30,0.0,0.0,0.0,0.0,0,0,0,0,5,2,MichealGillmore,185,11,34,0.0,0.0,0.0,0.0,0,0,0,0,6,3,1,0,1,-625.0,375.0
25,MakhmudMuradov,185,75,31,5.32,2.92,0.36,0.4,42,64,16,0,25,6,GeraldMeerschaert,185,77,34,3.31,3.6,2.28,1.8,43,51,43,43,32,14,0,1,0,-714.0,400.0
26,AlessioDiChirico,185,74,32,3.3,3.24,1.62,0.0,41,62,45,83,13,5,AbdulRazakAlhassan,185,10,36,3.71,4.24,0.53,0.0,47,53,28,55,10,4,0,0,1,-265.0,190.0
27,SamAlvey,205,75,35,3.2,3.44,0.07,0.1,43,54,16,82,33,15,WellingtonTurman,185,72,25,2.44,3.75,2.31,0.8,42,43,22,0,16,5,0,0,0,-108.0,-133.0
28,DustinJacoby,205,76,33,4.03,3.27,0.36,0.0,48,59,50,61,14,5,DarrenStewart,185,74,31,2.98,3.07,1.56,0.1,45,49,41,67,12,7,1,0,1,-205.0,155.0
29,JamallEmmers,145,10,32,5.75,4.65,2.9,0.0,52,54,53,0,18,5,PatSabatini,145,70,31,1.73,1.27,1.0,1.0,57,62,20,0,14,3,0,1,0,-161.0,120.0
30,ManaMartinez,135,10,25,2.11,1.27,0.0,6.3,62,50,0,0,8,2,GuidoCannetti,135,68,42,2.85,2.17,2.64,0.3,51,50,50,75,8,6,1,0,0,-320.0,210.0
31,DerekBrunson,185,77,37,3.46,2.72,3.11,0.5,47,53,33,94,22,7,DarrenTill,185,74,29,2.27,2.99,0.54,0.0,46,58,41,82,18,3,1,1,0,120.0,-177.0
32,TomAspinall,256,78,28,7.43,3.06,3.54,1.8,66,65,0,0,10,2,SergheiSpivac,260,78,26,3.85,3.1,2.83,0.2,50,56,63,70,13,2,1,0,1,-265.0,175.0
33,AlexMorono,170,11,31,5.05,3.69,0.43,0.4,42,56,25,52,19,7,DavidZawada,170,75,31,3.24,4.07,0.96,2.2,40,54,30,57,17,6,1,0,0,-139.0,100.0
34,ModestasBukauskas,205,78,27,3.77,4.36,0.0,0.0,35,50,0,0,11,4,KhalilRountreeJr.,205,76,31,3.06,3.63,0.0,0.2,38,49,0,50,9,5,0,0,1,-166.0,125.0
35,PaddyPimblett,155,10,26,0.0,0.0,0.0,0.0,0,0,0,0,16,3,LuigiVendramini,155,73,25,2.26,2.49,0.67,0.7,37,65,8,0,9,2,1,0,1,-163.0,125.0
36,JackShore,135,71,26,3.14,1.61,5.52,0.8,57,56,46,0,14,0,LiudvikSholinian,135,10,31,0.0,0.0,0.0,0.0,0,0,0,0,9,2,1,0,0,-714.0,400.0
37,JulianErosa,145,74,32,5.1,5.78,1.29,0.9,47,50,54,58,25,10,CharlesJourdain,145,69,26,4.79,4.11,0.0,0.7,45,61,0,47,11,3,1,1,0,150.0,-200.0
38,DalchaLungiambula,185,76,34,1.85,2.27,2.07,0.0,50,43,50,75,11,2,Marc-AndreBarriault,185,74,31,5.36,4.79,0.43,0.0,48,55,25,72,12,4,0,0,0,130.0,-175.0
39,AnthonySmith,205,76,33,3.0,4.36,0.47,0.7,47,42,28,47,35,16,RyanSpann,205,79,30,3.55,3.45,1.72,1.7,45,47,41,60,19,6,1,1,0,-177.0,110.0
40,ArmanTsarukyan,155,72,25,3.35,1.43,3.5,0.0,44,62,35,78,16,2,ChristosGiagos,155,10,31,2.93,2.77,3.38,0.5,41,50,41,50,19,8,1,0,1,-1000.0,525.0
41,NateManess,135,10,30,2.4,4.63,1.33,0.7,45,45,66,88,13,1,TonyGravely,135,69,30,4.01,3.11,6.11,0.6,54,45,54,52,21,6,1,0,1,160.0,-225.0
42,JoaquinBuckley,185,10,27,4.58,5.46,0.6,0.0,36,51,16,0,12,4,AntonioArroyo,185,73,32,3.08,1.72,1.4,0.3,70,44,41,32,9,4,1,0,1,-222.0,147.0
43,MikeRodriguez,205,82,33,4.61,3.39,0.0,0.0,59,40,0,41,11,6,TafonNchukwi,205,77,27,6.08,4.48,0.41,0.0,51,51,25,66,5,1,0,0,0,-105.0,-129.0
44,MontelJackson,135,10,29,3.77,1.5,4.15,0.2,55,56,77,66,10,2,JPBuys,135,67,25,2.66,3.05,2.22,2.2,45,43,50,33,9,3,1,0,0,-700.0,430.0
45,ImpaKasanganay,170,11,27,5.08,3.41,1.83,0.3,49,59,58,63,9,1,CarlstonHarris,170,76,34,1.74,0.35,0.0,5.2,38,90,0,0,16,4,0,0,1,-124.0,-120.0
46,AlexanderVolkanovski,145,71,33,6.02,3.31,2.09,0.3,55,60,34,72,22,1,BrianOrtega,145,69,30,4.29,6.28,0.8,1.1,38,52,21,56,15,1,1,0,0,-200.0,145.0
47,NickDiaz,170,76,38,5.43,3.56,1.32,1.0,42,61,33,60,26,9,RobbieLawler,170,11,39,3.5,4.16,0.68,0.0,45,60,64,64,28,15,0,0,1,120.0,-178.0
48,CurtisBlaydes,265,80,30,3.59,1.7,6.64,0.0,53,57,54,33,14,3,JairzinhoRozenstruik,242,78,33,3.15,3.27,0.0,0.0,49,40,0,80,12,2,1,0,0,-380.0,240.0
49,MarlonMoraes,135,67,33,3.38,4.11,1.0,0.4,39,56,41,66,23,8,MerabDvalishvili,135,68,30,4.02,2.22,7.38,0.4,39,61,43,78,13,4,0,0,1,200.0,-310.0
50,ShamilAbdurakhimov,235,76,40,2.45,2.45,1.23,0.2,44,58,24,47,20,5,ChrisDaukaus,250,76,32,1.78,3.22,0.0,0.0,61,65,0,0,11,3,0,0,1,163.0,-225.0
51,UrosMedic,155,71,28,9.91,0.52,0.0,0.0,77,86,0,0,7,0,JalinTurner,155,77,26,6.2,4.37,0.71,1.8,47,45,66,78,10,5,0,1,0,-134.0,-106.0
52,CodyBrundage,185,72,27,7.97,6.29,6.29,0.0,82,6,33,0,5,1,NickMaximov,185,76,24,2.47,0.33,2.0,0.0,58,58,40,0,6,0,0,0,0,100.0,-152.0
53,MatthewSemelsberger,170,75,29,6.11,5.68,0.99,0.5,48,61,0,0,8,3,MartinSano,170,11,30,0.0,0.0,0.0,0.0,0,0,0,0,4,2,1,0,1,-700.0,330.0
54,JonathanPearce,145,71,29,8.8,6.65,5.91,0.7,55,46,60,75,10,4,OmarMorales,145,11,36,3.66,3.01,0.68,0.0,37,63,0,87,11,1,1,1,0,120.0,-162.0
55,ThiagoSantos,205,76,37,4.27,2.33,0.7,0.1,48,55,38,66,21,9,JohnnyWalker,205,82,29,4.41,3.51,0.4,1.2,72,31,0,60,18,5,1,0,0,-161.0,125.0
56,AlexOliveira,170,11,33,2.86,2.23,2.37,0.6,50,48,37,63,22,10,NikoPrice,170,76,32,5.29,5.87,0.75,0.9,41,48,20,66,14,5,0,0,0,150.0,-215.0
57,MishaCirkunov,205,77,34,4.18,3.22,4.28,2.3,51,60,57,71,15,6,KrzysztofJotko,185,77,32,2.94,2.2,1.16,0.1,41,57,34,87,22,5,0,0,0,-104.0,-145.0
58,JoeSolecki,155,70,28,2.68,0.85,2.39,0.8,66,58,50,0,11,2,JaredGordon,145,68,33,5.54,3.22,2.81,0.0,56,60,39,55,17,4,0,0,0,-140.0,101.0
59,DevonteSmith,155,76,28,5.64,2.65,0.74,0.7,55,59,0,0,11,2,JamieMullarkey,155,74,27,2.02,4.65,3.9,0.5,34,43,30,66,13,4,0,0,1,-165.0,125.0
60,DouglasSilvadeAndrade,145,68,36,3.77,4.26,0.7,0.0,38,58,50,66,26,4,GaetanoPirrello,135,68,29,0.67,1.89,0.0,0.0,42,46,0,30,15,6,1,0,1,-280.0,200.0
61,AlejandroPerez,145,67,32,3.52,2.94,0.52,0.1,35,64,20,73,22,8,JohnnyEduardo,135,71,43,2.89,3.34,0.0,0.5,38,63,0,62,28,12,1,1,0,-300.0,195.0
62,RandyBrown,170,78,31,3.72,2.79,0.98,0.7,47,53,46,71,13,4,JaredGooden,170,77,28,5.04,7.55,0.96,0.0,42,49,0,83,18,6,1,0,0,-330.0,195.0
63,TimElliott,125,66,35,3.35,2.49,4.01,1.1,45,59,49,58,18,11,MatheusNicolau,125,66,28,3.79,2.83,1.93,1.4,52,67,44,0,16,3,0,0,0,150.0,-200.0
64,ChrisGutierrez,145,67,30,4.3,2.45,0.57,0.2,57,59,60,73,16,3,FelipeColares,135,69,27,2.15,4.22,2.0,0.8,51,38,23,38,10,2,1,0,0,-286.0,195.0
65,CharlesRosa,145,69,35,3.14,3.69,1.78,1.1,36,48,35,37,14,5,DamonJackson,145,11,33,2.46,3.63,1.14,2.7,35,45,20,35,18,4,0,0,0,150.0,-225.0
66,SteveGarcia,155,75,29,4.31,2.52,0.61,0.6,55,36,25,0,11,4,CharlieOntiveros,185,78,30,0.33,4.18,0.0,0.0,40,19,0,0,11,7,1,0,1,-357.0,245.0
67,AndreiArlovski,240,77,42,3.62,2.95,0.45,0.2,44,57,36,78,31,20,CarlosFelipe,245,75,26,4.88,5.62,0.0,0.0,46,50,0,72,11,1,1,0,0,-115.0,-136.0
68,AndrewSanchez,185,74,33,4.48,5.05,1.92,0.0,42,51,31,0,13,6,BrunoSilva,185,74,32,4.0,0.21,0.0,0.0,73,0,0,0,20,6,0,0,1,122.0,-163.0
69,DannyRoberts,170,74,34,3.41,3.08,0.18,0.4,44,55,6,53,17,5,RamazanEmeev,170,10,34,2.5,1.98,2.33,0.5,45,66,29,66,20,4,1,0,0,240.0,-350.0
70,NateLandwehr,145,72,33,7.02,7.67,0.0,0.0,50,51,0,85,14,4,LudovitKlein,145,72,26,3.32,3.69,3.69,0.0,54,45,57,0,17,3,1,1,0,275.0,-400.0
71,DanaaBatgerel,135,70,32,5.78,2.65,0.0,0.0,39,58,0,57,9,2,BrandonDavis,135,10,31,4.65,4.33,0.71,0.1,35,60,45,56,10,8,1,0,1,-165.0,112.0
72,PauloCosta,205,72,30,7.03,6.7,0.0,0.0,57,50,0,80,13,1,MarvinVettori,205,74,28,3.88,3.04,2.24,0.7,43,63,47,78,17,5,0,0,0,148.0,-222.0
73,AlexCaceres,145,10,33,4.1,2.82,0.57,0.8,50,65,78,64,18,12,SeungWooChoi,145,74,29,3.31,2.55,1.0,0.0,41,46,57,66,10,3,1,1,0,195.0,-333.0
74,FranciscoTrinaldo,170,70,43,3.08,2.64,1.03,0.5,43,59,45,60,26,8,DwightGrant,170,76,37,3.36,2.17,0.5,0.0,36,64,0,71,11,3,1,0,0,-145.0,100.0
75,NicolaeNegumereanu,205,78,27,2.73,5.73,0.5,0.0,37,26,20,57,10,1,IkeVillanueva,205,73,37,4.28,7.88,0.79,0.0,41,36,0,0,18,12,1,0,1,-270.0,175.0
76,MasonJones,155,10,26,7.33,5.31,2.02,0.0,40,50,42,76,10,1,DavidOnama,155,11,27,0.0,0.0,0.0,0.0,0,0,0,0,8,0,1,0,0,-475.0,310.0
77,JamiePickett,185,80,33,2.87,5.35,1.44,0.4,55,44,40,37,11,6,LaureanoStaropoli,185,71,28,3.64,3.85,0.8,0.0,33,54,40,52,9,4,1,0,0,160.0,-230.0
78,KhamaWorthy,155,11,35,4.22,3.86,0.0,0.8,47,46,0,57,16,8,JaiHerbert,155,77,33,1.33,2.66,0.0,0.0,29,43,0,30,10,3,0,0,1,130.0,-190.0
79,JeffMolina,125,69,24,8.83,6.63,0.0,0.0,47,55,0,16,9,2,DanielDaSilva,125,70,25,0.0,0.0,0.0,0.0,0,0,0,0,11,1,1,0,1,-175.0,132.0
80,JonathanMartinez,135,70,27,4.27,3.81,0.48,0.0,46,58,37,63,13,4,ZviadLazishvili,135,69,30,0.0,0.0,0.0,0.0,0,0,0,0,13,0,1,0,0,-118.0,-125.0
81,JanBlachowicz,205,78,38,3.59,2.79,1.18,0.2,49,53,53,65,28,8,GloverTeixeira,205,76,42,3.75,3.84,2.04,1.0,47,54,40,60,32,7,0,1,0,-315.0,200.0
82,PetrYan,135,67,28,5.99,3.55,2.14,0.1,52,62,66,90,15,2,CorySandhagen,135,11,29,6.32,4.05,0.74,0.6,47,59,44,65,14,3,1,0,0,-305.0,175.0
83,IslamMakhachev,155,10,30,2.24,0.77,3.31,1.0,58,70,65,88,20,1,DanHooker,155,75,31,4.95,4.66,0.91,0.2,48,52,36,80,21,10,1,1,0,-625.0,325.0
84,AlexanderVolkov,250,80,33,4.84,2.88,0.57,0.2,57,54,70,67,33,9,MarcinTybura,249,78,36,3.63,3.31,1.67,0.1,50,55,45,82,22,6,1,0,0,-333.0,210.0
85,MagomedAnkalaev,205,75,29,3.41,1.78,1.18,0.0,53,65,33,85,15,1,VolkanOezdemir,205,75,32,5.03,4.24,0.36,0.0,45,55,20,80,17,5,1,0,0,-365.0,250.0
86,RicardoRamos,145,72,26,3.1,3.6,3.08,0.7,41,57,58,73,15,3,ZubairaTukhugov,145,68,30,2.54,2.53,2.54,0.0,38,63,46,0,19,5,0,0,0,130.0,-177.0
87,AlbertDuraev,185,11,32,0.57,0.29,4.31,4.3,66,83,0,0,14,3,RomanKopylov,185,75,30,2.64,3.07,0.0,0.0,38,63,0,66,8,1,1,0,0,-450.0,235.0
88,ElizeuZaleskidosSantos,170,11,35,4.05,3.07,0.57,0.5,39,59,17,52,22,7,BenoitSaintDenis,170,11,26,0.0,0.0,0.0,0.0,0,0,0,0,8,0,1,0,0,-2000.0,185.0
89,ShamilGamzatov,205,76,31,4.27,2.13,0.0,0.0,46,58,0,50,14,0,MichalOleksiejczuk,205,74,26,4.45,3.24,0.69,0.0,52,67,40,40,15,4,0,0,1,-130.0,-125.0
90,MakwanAmirkhani,145,10,33,1.4,2.52,3.61,1.1,43,52,40,57,16,6,LeroneMurphy,145,73,30,2.86,2.07,0.87,0.9,42,63,33,41,10,0,0,0,1,215.0,-335.0
91,HuYaozong,185,72,26,4.43,5.23,0.0,0.7,52,38,0,0,3,2,AndrePetroski,185,73,30,3.48,2.35,4.55,1.1,57,40,44,0,6,2,0,1,0,160.0,-286.0
92,TagirUlanbekov,125,70,30,3.07,3.13,5.0,0.0,37,58,45,50,13,1,AllanNascimento,125,69,30,7.0,5.4,1.0,0.0,68,44,10,0,17,5,1,0,0,-425.0,275.0
93,KamaruUsman,170,76,34,4.63,2.4,3.27,0.1,54,57,48,0,19,1,ColbyCovington,170,11,33,4.12,2.86,4.61,0.1,38,55,50,75,16,2,1,0,0,-320.0,220.0
94,FrankieEdgar,135,68,40,3.7,2.71,2.28,0.3,39,66,31,65,23,9,MarlonVera,135,70,29,3.91,4.08,0.88,1.3,50,51,42,69,17,7,0,0,1,125.0,-190.0
95,ShaneBurgos,145,11,30,7.29,6.11,0.27,0.1,49,58,0,89,13,3,BillyQuarantillo,145,10,33,7.08,4.33,1.66,1.7,64,43,34,57,16,3,1,0,0,-200.0,137.0
96,JustinGaethje,155,11,33,7.46,7.99,0.0,0.0,59,55,0,69,22,3,MichaelChandler,155,71,35,4.49,3.87,2.03,1.6,50,49,41,71,22,6,1,0,0,-225.0,165.0
97,AlexPereira,185,79,34,0.0,0.0,0.0,0.0,0,0,0,0,3,1,AndreasMichailidis,185,76,33,4.8,4.4,0.75,0.0,52,51,50,0,13,4,1,0,1,-303.0,210.0
98,AlIaquinta,155,10,34,4.06,4.44,0.64,0.2,40,61,18,74,14,6,BobbyGreen,155,10,35,5.45,3.55,1.46,0.3,51,62,39,72,27,12,0,0,1,150.0,-222.0
99,PhilHawes,185,77,32,3.44,3.29,2.7,0.4,58,52,38,0,11,2,ChrisCurtis,185,10,34,7.23,5.34,0.0,0.0,70,60,0,0,26,8,0,0,1,-400.0,310.0
100,EdmenShahbazyan,185,74,24,3.46,4.1,2.97,0.7,49,48,40,55,11,2,NassourdineImavov,185,75,26,4.3,2.23,0.79,1.6,54,58,22,69,10,3,0,0,1,-106.0,-126.0
101,IanGarry,170,74,24,0.0,0.0,0.0,0.0,0,0,0,0,7,0,JordanWilliams,185,75,31,5.97,5.65,1.23,0.0,50,35,57,85,9,5,1,0,1,-490.0,290.0
102,GianVillante,230,76,36,4.39,5.48,0.46,0.0,43,55,23,83,17,13,ChrisBarnett,265,75,35,4.64,8.43,0.0,0.0,38,40,0,0,21,7,0,0,1,-135.0,-110.0
103,DustinJacoby,205,76,33,4.32,3.36,0.35,0.0,49,58,40,58,15,5,JohnAllan,205,75,28,2.95,4.01,1.94,1.2,43,52,71,50,13,6,1,0,0,-400.0,290.0
104,MelsikBaghdasaryan,145,70,29,6.69,3.76,0.0,0.0,62,52,0,66,6,1,BrunoSouza,145,10,25,0.0,0.0,0.0,0.0,0,0,0,0,10,1,1,0,0,-420.0,280.0
105,MaxHolloway,145,11,30,7.26,4.58,0.21,0.3,46,60,71,84,22,6,YairRodriguez,145,11,29,4.33,3.13,0.9,0.9,45,57,29,63,14,2,1,0,0,-833.0,425.0
106,BenRothwell,265,78,40,3.71,4.57,0.68,0.4,42,47,35,70,39,13,MarcosRogeriodeLima,253,75,36,3.24,2.11,1.14,0.6,54,53,66,43,18,8,0,0,1,-178.0,130.0
107,MiguelBaeza,170,74,29,5.3,5.09,0.57,0.9,49,52,40,0,10,1,KhaosWilliams,170,77,27,5.2,3.59,0.0,0.0,38,50,0,0,12,2,0,0,1,-160.0,110.0
108,SongYadong,135,67,24,4.91,3.9,0.49,0.3,42,57,42,60,17,5,JulioArce,145,70,32,4.31,2.94,0.52,0.5,36,67,30,93,17,4,1,0,1,-152.0,110.0
109,ThiagoMoises,155,70,26,2.49,3.81,1.03,1.2,37,58,35,60,15,5,JoelAlvarez,155,77,28,2.84,3.31,0.0,1.6,37,53,0,0,18,2,0,0,1,-290.0,195.0
110,SeanWoodson,145,78,29,5.27,3.94,0.0,0.6,43,57,0,81,8,1,CollinAnglin,145,71,28,5.18,4.4,2.75,0.0,54,52,80,0,8,2,1,0,1,-405.0,250.0
111,MarcDiakiese,155,10,28,3.08,2.79,2.16,0.0,39,54,36,62,14,4,RafaelAlves,155,68,31,2.01,3.71,0.0,1.3,46,56,0,50,19,10,0,1,0,-284.0,185.0
112,MichaelChiesa,170,75,34,1.87,1.72,3.62,1.1,40,54,53,68,18,5,SeanBrady,170,10,29,4.72,3.6,2.69,1.2,55,63,60,0,14,0,0,0,0,140.0,-200.0
113,RaniYahya,135,67,37,1.57,1.7,2.89,2.0,37,50,33,24,27,10,KyungHoKang,135,73,34,2.52,2.43,2.53,1.1,44,58,59,71,17,8,1,0,0,-112.0,-127.0
114,DaveyGrant,135,69,36,4.21,3.25,2.07,0.2,47,56,46,60,13,5,AdrianYanez,135,70,28,6.13,4.8,0.0,0.0,38,55,0,0,14,3,0,0,0,225.0,-333.0
115,PatSabatini,145,70,31,1.6,1.72,0.89,2.7,50,54,16,0,15,3,TuckerLutz,145,72,27,5.09,3.67,2.33,0.3,52,45,63,84,12,1,1,0,0,-145.0,120.0
116,RafaGarcia,155,70,27,4.13,6.63,2.5,0.5,34,51,33,0,12,2,NatanLevy,155,71,30,1.65,0.82,2.75,2.8,60,57,0,0,6,0,1,0,0,-120.0,-112.0
117,ShayilanNuerdanbieke,145,69,27,1.13,3.53,2.0,0.0,26,49,14,0,19,7,SeanSoriano,145,70,32,3.49,2.5,1.08,0.0,61,54,42,53,14,7,1,0,0,240.0,-300.0
118,RobFont,135,71,34,5.58,3.57,1.2,0.6,43,61,40,53,19,4,JoseAldo,135,70,35,3.63,3.59,0.55,0.1,45,61,56,91,30,7,0,0,0,-152.0,105.0
119,BradRiddell,155,71,30,4.75,3.18,2.0,0.0,53,54,42,62,10,1,RafaelFiziev,155,71,28,5.34,5.76,0.59,0.0,52,50,50,0,10,1,0,0,1,-105.0,-142.0
120,JimmyCrute,205,74,25,4.26,2.71,4.97,2.1,56,50,80,60,12,2,JamahalHill,205,79,30,7.5,3.6,0.0,0.0,52,45,0,57,8,1,0,0,1,-200.0,140.0
121,ClayGuida,155,70,40,2.53,2.71,3.24,0.7,34,62,38,68,36,18,LeonardoSantos,155,75,41,2.65,2.77,1.07,0.3,44,58,29,89,18,5,1,1,0,162.0,-235.0
122,BrendanAllen,185,75,26,4.1,4.24,1.29,1.6,52,45,45,50,17,4,ChrisCurtis,185,10,34,6.54,6.85,0.0,0.0,67,55,0,0,27,8,0,0,1,-375.0,255.0
123,AlexMorono,170,11,31,5.14,3.89,0.38,0.4,42,56,25,52,20,7,MickeyGall,170,74,29,2.6,3.68,1.32,2.4,46,44,28,36,7,3,1,0,0,-270.0,180.0
124,MakiPitolo,185,10,31,4.2,3.71,2.42,0.5,44,56,52,55,13,8,DuskoTodorovic,185,74,27,5.71,5.18,0.35,0.0,54,48,5,50,10,2,0,0,1,125.0,-187.0
125,ManelKape,125,68,28,3.71,4.23,0.86,0.0,47,49,28,80,16,6,ZhalgasZhumagulov,125,66,33,4.21,4.09,1.4,0.5,49,60,21,50,14,5,1,0,1,-357.0,210.0
126,BryanBarberena,170,72,32,5.26,4.45,0.21,0.4,48,46,25,58,15,8,DarianWeeks,170,11,28,0.0,0.0,0.0,0.0,0,0,0,0,5,0,1,0,0,-155.0,108.0
127,AlonzoMenifield,205,76,34,4.13,3.36,0.56,0.3,54,53,25,85,11,2,WilliamKnight,205,10,33,3.55,2.65,2.36,0.3,72,34,53,40,10,2,0,0,0,-175.0,130.0
128,ClaudioPuelles,155,10,25,1.76,3.02,3.35,0.9,47,49,47,62,11,2,ChrisGruetzemacher,155,68,35,6.93,5.35,0.0,0.0,56,54,0,61,15,4,1,1,0,-135.0,-118.0
129,LouisSmolka,135,68,30,4.44,3.74,1.84,1.9,46,53,37,31,17,7,VinceMorales,135,70,31,4.39,4.06,0.2,0.0,39,55,25,50,10,5,0,0,1,-177.0,125.0
130,CharlesOliveira,155,10,32,3.26,3.01,2.64,2.7,52,53,44,57,31,8,DustinPoirier,155,72,32,5.62,4.19,1.5,1.2,50,54,36,61,28,6,1,1,0,110.0,-143.0
131,GeoffNeal,170,11,31,4.42,4.68,0.6,0.2,48,62,50,87,13,4,SantiagoPonzinibbio,170,73,35,4.65,4.38,0.46,0.0,40,63,36,60,29,4,1,0,0,-105.0,-139.0
132,KaiKara-France,125,69,28,5.02,3.84,0.53,0.0,39,66,23,86,22,9,CodyGarbrandt,125,65,30,3.17,4.14,1.05,0.0,38,61,32,83,12,4,1,0,1,110.0,-155.0
133,RaulianPaiva,135,69,26,4.24,4.9,0.62,0.2,43,50,27,75,21,3,SeanO'Malley,135,11,27,8.25,3.59,0.63,0.6,62,65,50,60,14,1,0,0,1,235.0,-375.0
134,JoshEmmett,145,70,36,4.32,4.02,1.43,0.1,39,63,47,50,16,2,DanIge,145,71,30,3.82,3.41,1.38,0.4,46,56,25,55,15,4,1,0,0,-155.0,107.0
135,PedroMunhoz,135,65,35,5.55,6.02,0.62,0.7,43,57,21,80,19,6,DominickCruz,135,68,36,3.65,2.42,2.99,0.1,32,72,46,83,23,3,0,0,0,-125.0,-118.0
136,AugustoSakai,265,77,30,5.1,3.98,0.14,0.0,48,50,50,66,15,3,TaiTuivasa,264,75,28,4.48,3.48,0.0,0.0,50,51,0,46,13,3,0,0,1,-111.0,-120.0
137,JordanWright,185,77,30,7.13,7.49,0.0,0.0,60,39,0,0,12,1,BrunoSilva,185,74,32,5.13,1.96,0.0,0.0,59,37,0,68,21,6,0,0,1,240.0,-375.0
138,AndreMuniz,185,78,31,2.16,1.9,3.12,2.3,58,45,40,40,21,4,ErykAnders,185,75,34,3.2,3.96,1.47,0.1,47,51,32,76,14,5,1,1,0,-200.0,150.0
139,RyanHall,145,10,36,2.3,1.22,0.29,0.9,44,70,11,0,8,2,DarrickMinner,145,69,31,2.96,1.63,3.11,4.0,66,40,70,57,26,12,1,0,0,-286.0,143.0
140,RandyCosta,135,73,27,8.64,6.86,0.0,0.0,46,62,0,0,6,2,TonyKelley,135,70,34,4.57,4.77,0.0,2.0,47,43,0,50,7,2,0,0,1,-210.0,150.0
141,DerrickLewis,260,79,36,2.49,2.48,0.49,0.0,50,41,25,55,25,8,ChrisDaukaus,250,76,32,9.03,3.4,0.0,0.0,53,64,0,0,12,3,1,0,1,110.0,-155.0
142,StephenThompson,170,75,38,4.06,2.75,0.3,0.0,43,58,45,73,16,5,BelalMuhammad,170,11,33,4.61,3.8,1.8,0.2,42,60,28,91,19,3,0,0,0,-240.0,175.0
143,RaphaelAssuncao,135,66,39,3.26,2.33,1.48,0.3,40,68,38,80,27,8,RickySimon,135,69,29,3.08,3.13,6.93,0.4,42,64,54,72,18,3,0,0,1,210.0,-350.0
144,CubSwanson,145,70,38,4.63,3.66,1.08,0.5,50,60,51,60,27,12,DarrenElkins,145,10,37,3.46,3.05,2.67,1.1,38,52,33,56,27,9,1,0,1,-190.0,130.0
145,DustinStoltzfus,185,75,30,3.68,4.0,0.48,0.5,41,46,9,50,13,3,GeraldMeerschaert,185,77,34,3.41,3.75,2.58,1.8,44,52,40,43,33,14,0,1,0,175.0,-265.0
146,JustinTafa,264,74,28,5.15,6.12,0.0,0.0,55,49,0,0,4,3,HarryHunsucker,241,75,32,4.33,8.44,0.0,0.0,51,41,0,0,7,4,1,0,1,-350.0,250.0
147,CharlesJourdain,145,69,26,5.07,4.72,0.0,0.6,46,59,0,50,11,4,AndreEwell,145,75,33,4.35,4.3,0.27,0.1,41,53,66,70,17,8,1,0,0,-235.0,163.0
148,Don'TaleMayes,260,81,29,4.13,4.46,0.23,0.0,45,43,20,59,8,4,JoshParisian,265,79,32,6.53,6.13,0.43,0.4,50,43,14,66,14,4,1,0,1,-200.0,145.0
149,JordanLeavitt,155,71,26,1.33,1.12,3.06,0.8,60,46,40,0,8,1,MattSayles,155,68,27,5.44,3.13,0.0,0.4,42,61,0,81,8,3,1,1,0,-150.0,108.0
150,FrancisNgannou,250,83,36,2.54,2.04,0.2,0.4,41,45,33,72,16,3,CirylGane,245,81,32,5.37,2.4,0.71,0.3,57,62,20,0,10,0,1,0,0,-110.0,-110.0
151,BrandonMoreno,125,70,29,3.44,3.29,2.05,0.8,39,58,47,65,19,5,DeivesonFigueiredo,125,68,35,3.24,3.4,1.54,2.1,56,49,52,58,20,2,0,0,0,-105.0,-125.0
152,MichelPereira,170,73,29,4.22,3.28,2.01,0.8,55,58,62,0,26,11,AndreFialho,170,74,28,0.0,0.0,0.0,0.0,0,0,0,0,14,3,1,0,0,-310.0,215.0
153,CodyStamann,145,64,33,4.03,3.36,2.8,0.0,46,63,44,75,19,4,SaidNurmagomedov,135,70,30,4.65,2.37,0.45,0.0,46,60,7,71,14,2,0,1,0,150.0,-200.0
154,RaoniBarcelos,135,67,35,5.39,4.36,1.79,0.6,52,66,56,92,16,2,VictorHenry,135,68,35,0.0,0.0,0.0,0.0,0,0,0,0,21,5,0,0,0,-600.0,333.0
155,MichaelMorales,170,79,23,3.53,3.47,4.0,0.0,43,34,50,0,12,0,TrevinGiles,185,74,30,3.14,2.01,1.27,0.3,54,60,80,75,14,3,1,0,1,-120.0,-125.0
156,JackDellaMaddalena,170,11,26,7.2,4.27,0.0,0.0,47,65,0,75,10,2,PeteRodriguez,170,71,26,0.0,0.0,0.0,0.0,0,0,0,0,4,0,1,0,1,-450.0,260.0
157,TonyGravely,135,69,31,4.14,3.27,5.57,0.6,54,46,48,50,21,7,SaimonOliveira,135,72,31,3.13,3.13,3.0,0.0,41,55,42,0,18,3,1,0,0,-290.0,195.0
158,MattFrevola,155,71,32,2.73,3.49,2.58,1.1,37,58,37,40,8,3,GenaroValdez,155,72,30,6.28,9.77,0.47,2.6,39,50,50,0,10,0,1,0,1,-227.0,163.0
159,JackHermansson,185,77,34,4.86,3.36,2.09,0.6,45,54,36,75,22,6,SeanStrickland,185,76,31,5.45,3.73,1.32,0.3,40,66,61,82,24,3,0,0,0,180.0,-250.0
160,PunaheleSoriano,185,11,30,4.44,4.2,1.58,0.0,43,54,66,0,8,1,NickMaximov,185,76,25,1.7,1.1,3.0,0.0,49,49,30,0,7,0,0,0,0,-200.0,150.0
161,ShavkatRakhmonov,170,77,28,2.87,1.27,1.27,2.5,56,53,33,0,14,0,CarlstonHarris,170,76,35,5.27,1.27,0.0,2.7,49,77,0,0,17,4,1,0,1,-280.0,180.0
162,SamAlvey,185,75,36,3.29,3.52,0.07,0.1,44,53,16,81,33,16,BrendanAllen,185,75,27,4.32,4.72,1.15,1.6,53,42,35,50,17,5,0,1,0,285.0,-455.0
163,TreseanGore,185,75,28,0.0,0.0,0.0,0.0,0,0,0,0,4,0,BryanBattle,185,77,28,6.34,6.21,2.07,2.1,52,40,0,66,7,1,0,0,0,-175.0,-115.0
164,JulianErosa,145,74,33,5.55,5.9,1.45,0.9,47,50,50,58,26,10,StevenPeterson,145,10,32,4.43,5.29,1.87,0.6,37,55,30,70,19,9,1,0,0,-350.0,225.0
165,MilesJohns,135,66,28,4.03,2.5,0.99,0.0,53,71,30,92,12,1,JohnCastaneda,135,71,31,4.17,5.07,0.86,0.0,49,55,25,60,18,5,0,1,0,-250.0,145.0
166,HakeemDawodu,145,73,31,4.72,2.39,0.0,0.0,46,62,0,67,12,2,MichaelTrizano,145,11,31,3.22,2.36,0.29,0.9,53,58,50,71,10,1,1,0,0,-200.0,135.0
167,ChidiNjokuani,185,80,34,3.54,1.47,0.0,0.0,70,59,0,78,20,7,Marc-AndreBarriault,185,74,32,5.8,4.94,0.35,0.0,46,56,25,70,13,4,1,0,1,-115.0,-125.0
168,JailtonAlmeida,205,79,31,0.29,1.03,6.6,2.2,25,12,60,50,14,2,DaniloMarques,205,77,37,1.56,1.88,4.26,0.8,79,56,28,0,11,3,1,0,1,-455.0,290.0
169,JasonWitt,170,10,36,2.63,3.1,6.46,1.3,49,50,45,0,19,7,PhilRowe,170,80,32,4.97,4.54,0.87,0.0,56,52,33,50,8,3,0,0,1,105.0,-152.0
170,MalcolmGordon,125,71,32,2.4,2.4,1.47,0.0,46,46,18,0,13,5,DenysBondar,125,69,30,0.0,0.0,0.0,0.0,0,0,0,0,16,3,1,0,1,190.0,-350.0
171,IsraelAdesanya,185,80,33,3.94,2.59,0.0,0.2,50,62,0,80,21,1,RobertWhittaker,185,73,32,4.68,3.34,0.64,0.0,41,61,34,83,24,5,1,0,0,-333.0,210.0
172,DerrickLewis,260,79,37,2.52,2.48,0.48,0.0,50,41,25,55,26,8,TaiTuivasa,264,75,29,4.63,3.51,0.0,0.0,52,49,0,50,14,3,0,0,1,-200.0,145.0
173,JaredCannonier,185,11,38,3.6,3.19,0.12,0.0,49,64,33,62,14,5,DerekBrunson,185,77,38,3.45,2.68,3.15,0.5,47,53,34,94,23,7,1,0,1,-175.0,130.0
174,BobbyGreen,155,10,36,5.51,3.56,1.45,0.3,51,62,39,72,28,12,NasratHaqparast,155,10,27,5.19,3.48,0.16,0.0,46,71,14,78,13,4,1,0,0,-165.0,120.0
175,AndreiArlovski,240,77,43,3.7,3.03,0.43,0.2,44,57,36,78,32,20,JaredVanderaa,265,80,30,4.5,5.24,0.4,0.0,50,39,0,20,12,6,1,0,0,-185.0,120.0
176,KylerPhillips,135,72,27,5.2,3.15,3.2,0.3,49,60,55,69,9,2,MarceloRojo,135,71,34,5.1,7.3,1.03,0.0,36,51,50,0,16,8,1,1,0,-600.0,260.0
177,CarlosUlberg,205,77,32,5.07,8.6,0.0,0.0,62,47,0,0,5,1,FabioCherant,205,74,28,2.01,5.57,0.0,0.0,47,34,0,0,7,3,1,0,0,-280.0,165.0
178,DouglasSilvadeAndrade,135,68,37,3.79,4.22,0.69,0.0,38,58,50,66,27,4,SergeyMorozov,135,67,33,2.41,2.45,3.81,0.0,42,64,37,58,17,4,1,1,0,165.0,-235.0
179,WilliamKnight,205,10,34,3.58,2.72,2.05,0.2,65,36,47,45,11,2,MaximGrishin,205,78,38,2.95,2.33,0.38,0.0,44,56,33,66,31,9,0,0,0,140.0,-182.0
180,JohnnyWalker,205,82,30,3.42,2.81,0.24,0.7,59,40,0,62,18,6,JamahalHill,205,79,31,7.45,3.68,0.0,0.0,51,45,0,60,9,1,0,0,1,170.0,-300.0
181,KyleDaukaus,185,76,29,3.19,2.61,1.88,1.9,53,40,27,85,10,2,JamiePickett,185,80,34,3.02,4.17,1.68,0.2,50,46,50,68,13,6,1,1,0,-345.0,220.0
182,ParkerPorter,265,75,37,8.48,7.51,1.42,0.7,51,52,30,0,12,6,AlanBaudot,243,79,34,7.81,8.06,0.0,0.0,61,39,0,75,8,2,1,0,0,-303.0,200.0
183,JoaquinBuckley,185,10,28,4.16,4.21,0.8,0.0,37,51,16,0,13,4,AbdulRazakAlhassan,185,10,37,3.71,4.23,0.53,0.0,48,53,28,55,11,4,1,0,0,-178.0,125.0
184,GabrielBenitez,145,71,34,4.35,3.8,0.15,1.2,39,65,50,56,22,10,DavidOnama,145,11,28,6.0,5.8,0.0,0.0,58,44,0,42,8,1,0,0,1,142.0,-200.0
185,ChasSkelly,145,11,37,2.02,3.35,1.71,2.4,40,48,34,33,18,3,MarkStriegl,145,70,34,3.53,1.18,0.0,0.0,42,25,0,0,18,3,1,0,1,-225.0,160.0
186,ChadAnheliger,135,64,36,3.13,2.07,0.0,1.0,60,52,0,58,11,5,JesseStrader,135,70,31,7.12,7.63,0.0,0.0,56,42,0,0,5,2,1,0,1,-295.0,195.0
187,JonathanPearce,145,71,30,6.79,5.23,7.17,1.0,53,46,57,75,11,4,ChristianRodriguez,145,71,25,5.2,3.13,0.0,0.0,40,60,0,80,7,0,1,0,0,-460.0,270.0
188,MarioBautista,135,69,29,5.71,4.78,0.48,0.0,45,54,33,70,8,2,JayPerrin,135,67,29,2.87,2.6,4.0,0.0,44,47,80,80,10,4,1,0,0,-400.0,260.0
189,IslamMakhachev,155,10,31,2.21,0.79,3.37,1.3,58,70,66,88,21,1,BobbyGreen,155,10,36,5.93,3.65,1.36,0.3,51,62,38,72,29,12,1,0,1,-1250.0,500.0
190,MishaCirkunov,185,77,35,3.77,3.08,4.48,1.7,49,59,44,70,15,7,WellingtonTurman,185,72,26,3.04,3.96,2.22,0.6,47,43,22,0,17,5,0,1,0,-172.0,115.0
191,ArmanTsarukyan,155,72,26,3.59,1.4,3.38,0.0,46,62,34,78,17,2,JoelAlvarez,155,77,29,3.99,3.34,0.0,1.5,43,53,0,0,19,2,1,0,1,-350.0,195.0
192,ArmenPetrosyan,185,71,32,4.49,1.12,0.0,0.0,57,54,0,40,6,1,GregoryRodrigues,185,75,30,5.99,4.35,2.94,0.0,57,58,50,0,11,3,1,0,0,110.0,-200.0
193,AlejandroPerez,135,67,33,3.45,2.97,0.61,0.4,35,63,23,70,23,8,JonathanMartinez,135,70,28,4.53,3.86,0.42,0.0,46,58,37,72,14,4,0,0,0,185.0,-335.0
194,VictorAltamirano,125,70,31,6.67,4.87,4.0,0.0,57,48,50,68,10,1,CarlosHernandez,125,67,29,5.13,3.47,0.0,1.0,46,49,0,68,7,1,0,0,0,-115.0,-182.0
195,ColbyCovington,170,11,34,4.14,3.09,4.1,0.1,38,55,46,72,16,3,JorgeMasvidal,170,11,38,4.22,3.01,1.54,0.3,48,65,59,75,35,15,1,0,0,-357.0,240.0
196,RafaelDosAnjos,155,70,38,3.49,3.22,1.93,0.6,46,61,37,58,30,13,RenatoMoicano,155,11,33,5.12,3.58,2.14,0.8,47,64,53,80,16,4,1,0,0,-200.0,145.0
197,EdsonBarboza,145,11,36,4.11,4.19,0.4,0.1,44,59,44,78,22,10,BryceMitchell,145,10,28,2.29,1.46,3.26,2.3,61,60,46,33,14,1,0,0,0,130.0,-184.0
198,KevinHolland,185,81,30,3.67,2.34,0.9,0.5,54,56,45,50,21,7,AlexOliveira,170,11,34,2.97,2.38,2.27,0.5,51,47,37,63,22,11,1,0,1,-650.0,285.0
199,SergheiSpivac,260,78,27,3.71,3.22,2.72,0.2,49,55,57,70,13,3,GregHardy,265,80,34,4.84,3.22,0.2,0.0,50,56,33,80,7,4,1,0,1,-205.0,142.0
200,JalinTurner,155,77,27,6.2,4.12,0.98,1.9,47,45,75,78,11,5,JamieMullarkey,155,74,28,3.03,4.45,3.5,0.4,40,45,32,66,14,4,1,0,1,-161.0,120.0
201,BrianKelleher,145,66,36,3.49,4.63,1.87,0.8,41,55,42,60,24,12,UmarNurmagomedov,145,69,26,2.89,0.81,8.67,1.7,60,76,45,0,13,0,0,1,0,560.0,-1500.0
202,DevonteSmith,155,76,29,5.1,3.86,0.53,0.5,52,54,0,80,11,3,LudovitKlein,155,72,27,3.35,4.58,2.1,0.0,52,45,44,50,17,4,1,0,0,-161.0,116.0
203,DustinJacoby,205,76,34,5.2,3.63,0.3,0.0,48,58,40,58,16,5,MichalOleksiejczuk,205,74,27,4.8,3.74,0.64,0.0,53,65,40,47,16,4,1,0,0,-222.0,152.0
204,ThiagoSantos,205,76,38,3.95,2.28,0.61,0.1,48,56,36,66,22,9,MagomedAnkalaev,205,75,30,3.6,2.05,1.15,0.0,55,62,31,85,16,1,0,0,0,400.0,-800.0
205,MarlonMoraes,135,67,34,3.34,4.47,0.89,0.4,40,53,41,46,23,9,SongYadong,135,67,25,4.88,3.77,0.46,0.3,42,59,42,60,18,5,0,0,1,220.0,-310.0
206,SodiqYusuff,145,71,29,5.43,3.46,0.0,0.5,48,58,0,68,11,2,AlexCaceres,145,10,34,4.14,2.85,0.55,0.8,51,65,78,64,19,12,1,0,0,-303.0,195.0
207,DrewDober,155,70,34,4.38,4.08,0.82,0.1,40,52,18,55,23,11,TerranceMcKinney,155,10,28,1.65,0.55,3.29,1.6,60,61,33,0,12,3,1,0,1,-170.0,120.0
208,AlexPereira,185,79,35,2.08,0.57,0.0,0.0,61,72,0,71,4,1,BrunoSilva,185,74,33,5.74,2.87,0.0,0.0,60,32,0,68,22,6,1,0,0,-225.0,155.0
209,MatthewSemelsberger,170,75,30,6.16,5.67,0.98,0.5,48,61,0,0,9,3,AJFletcher,170,10,25,4.17,1.67,6.25,0.0,62,76,50,0,9,0,1,0,0,-200.0,145.0
210,TrevinJones,135,70,32,2.22,4.49,1.09,0.0,54,38,15,71,13,7,JavidBasharat,135,69,27,4.93,0.85,3.17,1.1,63,62,60,0,11,0,0,0,0,122.0,-190.0
211,DamonJackson,145,11,34,2.54,3.25,2.48,2.5,38,48,33,35,19,4,KamuelaKirk,145,10,28,3.27,5.8,1.18,1.8,52,30,40,58,12,4,1,1,0,-140.0,-111.0
212,DalchaLungiambula,185,76,35,2.97,3.91,2.05,0.0,43,54,46,75,11,3,CodyBrundage,185,72,28,2.7,1.67,0.86,0.9,61,48,25,73,6,2,0,1,0,-150.0,100.0
213,KrisMoutinho,135,68,30,4.81,5.81,0.0,0.0,32,27,0,0,9,5,GuidoCannetti,135,68,43,3.2,2.87,2.04,0.2,54,50,50,70,8,7,0,0,1,-184.0,120.0
214,TafonNchukwi,205,77,28,6.56,4.13,1.15,0.0,53,55,57,66,6,1,AzamatMurzakanov,225,10,33,3.0,1.33,0.0,0.0,52,63,0,0,10,0,0,0,1,145.0,-227.0
215,AlexanderVolkov,250,80,34,4.86,2.95,0.53,0.1,57,54,70,73,34,9,TomAspinall,256,78,29,7.19,2.37,2.73,1.4,65,70,0,0,11,2,0,1,0,100.0,-152.0
216,ArnoldAllen,145,70,28,2.96,2.15,1.44,0.4,40,66,50,76,17,1,DanHooker,145,75,32,4.9,4.61,0.9,0.2,47,52,36,78,21,11,1,0,1,-121.0,-115.0
217,GunnarNelson,170,11,34,1.71,3.33,1.72,0.9,57,49,55,66,17,5,TakashiSato,170,10,32,3.16,4.81,0.53,0.0,37,50,50,75,16,4,1,0,0,-800.0,360.0
218,JaiHerbert,155,77,34,2.18,2.81,0.0,0.0,36,44,0,30,11,3,IliaTopuria,155,69,25,2.77,1.92,3.35,3.4,48,64,55,0,11,0,0,0,1,400.0,-650.0
219,MikeGrundy,145,72,35,2.14,4.56,3.78,0.4,45,56,26,50,12,3,MakwanAmirkhani,145,10,34,1.37,2.43,4.12,1.1,44,51,43,57,16,7,0,1,0,-305.0,170.0
220,ShamilAbdurakhimov,235,76,41,2.53,2.69,1.14,0.2,43,58,24,47,20,6,SergeiPavlovich,257,84,30,6.55,4.59,0.0,0.0,52,44,0,50,14,1,0,0,1,250.0,-400.0
221,NikitaKrylov,205,77,30,4.33,2.52,1.34,1.3,56,43,33,55,27,8,PaulCraig,205,76,35,2.59,2.39,2.06,1.9,51,50,25,55,15,4,0,1,0,-210.0,155.0
222,JackShore,135,71,27,4.03,1.51,4.47,0.9,58,65,41,0,15,0,TimurValiev,135,67,32,5.35,2.79,1.62,0.0,55,50,33,50,18,2,1,0,0,-140.0,-111.0
223,MuhammadMokaev,125,70,22,0.0,0.0,0.0,0.0,0,0,0,0,6,0,CodyDurden,125,67,31,3.51,4.11,4.05,0.5,46,48,36,60,12,3,0,1,0,-600.0,350.0
224,CurtisBlaydes,265,80,31,3.44,1.65,6.27,0.0,51,59,53,33,15,3,ChrisDaukaus,250,76,33,7.71,3.51,0.0,0.0,53,61,0,0,12,4,1,0,1,-600.0,333.0
225,MattBrown,170,75,41,3.68,2.68,1.52,1.4,54,55,44,64,25,18,BryanBarberena,170,72,33,5.44,4.77,0.19,0.4,48,45,25,58,16,8,0,0,0,-110.0,-125.0
226,AskarAskarov,125,67,30,3.37,2.65,2.75,0.0,55,56,28,64,14,0,KaiKara-France,125,69,29,5.09,3.79,0.51,0.0,40,65,23,87,23,9,0,0,0,-455.0,290.0
227,MarcDiakiese,155,10,29,3.06,2.8,2.13,0.0,38,54,35,62,14,5,ViacheslavBorshchev,155,11,30,6.16,5.08,0.0,0.0,64,56,0,33,6,1,1,0,0,115.0,-158.0
228,NeilMagny,170,80,35,3.67,2.06,2.44,0.3,46,56,42,57,25,9,MaxGriffin,170,11,37,4.35,3.97,1.63,0.4,49,57,53,70,18,8,1,0,0,-300.0,210.0
229,ChrisGutierrez,135,67,31,4.63,2.5,0.48,0.2,59,62,37,75,17,3,BatgerelDanaa,135,70,33,6.28,2.73,0.0,0.0,39,61,0,57,10,2,1,0,1,110.0,-155.0
230,AliaskhabKhizriev,185,74,32,6.0,3.6,8.0,8.0,83,66,50,0,13,0,DenisTiuliulin,185,77,34,0.0,0.0,0.0,0.0,0,0,0,0,10,5,1,1,0,-1400.0,575.0
231,MatheusNicolau,125,66,29,3.88,3.18,1.75,1.2,53,67,47,92,17,3,DavidDvorak,125,68,30,4.46,3.28,0.0,0.5,46,63,0,78,20,3,1,0,0,100.0,-140.0
232,LuisSaldana,145,11,31,4.66,2.92,0.0,0.4,50,61,0,42,15,7,BrunoSouza,145,10,26,3.07,5.0,0.0,0.0,44,39,0,0,10,2,1,0,0,110.0,-159.0
233,VicenteLuque,170,11,31,5.65,5.67,0.64,1.0,54,52,50,64,21,7,BelalMuhammad,170,11,34,4.55,3.61,2.2,0.2,43,59,33,91,20,3,0,0,0,-200.0,140.0
234,CaioBorralho,185,10,29,4.86,2.4,2.7,0.0,64,64,75,0,10,1,GadzhiOmargadzhiev,185,71,29,2.32,0.46,3.47,3.5,66,60,0,0,13,0,1,0,0,-105.0,-139.0
235,MiguelBaeza,170,74,30,4.86,4.97,0.47,1.9,50,54,28,0,10,2,AndreFialho,170,74,28,3.0,7.13,0.0,0.0,33,47,0,75,14,4,0,0,1,-189.0,135.0
236,PatSabatini,145,70,32,1.35,1.44,2.82,2.8,55,53,35,0,16,3,TJLaramie,145,66,25,2.73,3.24,2.56,0.0,51,26,50,0,12,4,1,0,0,-750.0,335.0
237,MounirLazzez,170,76,35,5.69,4.78,3.41,0.0,55,45,0,60,10,2,AngeLoosa,170,10,29,4.27,7.2,1.0,1.0,34,52,25,0,8,2,1,0,0,-5000.0,155.0
238,DevinClark,205,75,32,3.13,2.64,2.51,0.1,56,46,34,56,12,6,WilliamKnight,205,10,34,3.18,3.06,2.22,0.2,60,33,42,45,11,3,1,0,1,-190.0,137.0
239,DrakkarKlose,155,70,34,3.89,3.64,1.56,0.0,53,53,30,68,11,2,BrandonJenkins,155,71,31,2.81,5.9,0.0,0.0,39,35,0,25,15,8,1,0,1,-800.0,400.0
240,RafaGarcia,155,70,28,3.53,5.47,4.0,0.3,35,53,44,70,13,2,JesseRonson,155,10,37,3.54,2.99,0.63,0.6,49,59,40,61,21,10,1,1,0,100.0,-160.0
241,ChrisBarnett,265,75,36,4.9,6.21,0.0,0.0,45,40,0,0,22,7,MartinBuday,265,77,31,4.66,2.64,0.0,0.0,88,38,0,0,9,1,0,0,0,240.0,-300.0
242,JordanLeavitt,155,71,27,1.31,1.31,2.81,2.2,55,53,31,0,9,1,TreyOgden,155,11,33,0.0,0.0,0.0,0.0,0,0,0,0,15,4,1,0,0,110.0,-148.0
243,ClayGuida,155,70,41,2.53,2.76,3.26,0.7,34,62,38,68,37,18,ClaudioPuelles,155,10,26,2.07,2.98,2.87,1.0,51,46,38,55,12,2,0,1,0,-113.0,-125.0
244,LandoVannata,155,71,30,4.67,4.77,1.12,0.3,44,54,40,68,12,5,CharlesJourdain,145,69,27,5.7,4.57,0.0,0.5,49,60,0,48,12,4,0,1,0,-110.0,-139.0
245,JordanWright,185,77,31,8.09,8.29,0.0,0.0,63,38,0,0,12,2,Marc-AndreBarriault,185,74,32,5.81,5.06,0.35,0.0,46,56,25,70,13,5,0,1,0,150.0,-220.0
246,DwightGrant,170,76,38,3.1,2.21,0.6,0.0,33,62,0,70,11,4,SergeyKhandozhko,170,74,30,2.83,1.7,0.5,0.0,42,60,16,64,27,6,0,0,1,-105.0,-135.0
247,TysonPedro,205,79,31,2.7,2.55,0.74,1.5,62,48,25,52,7,3,IkeVillanueva,205,73,38,4.35,7.91,0.74,0.0,40,37,50,0,18,13,1,0,1,-900.0,400.0
248,PrestonParsons,170,11,27,6.08,1.89,0.0,0.0,53,45,0,0,9,3,EvanElder,170,10,25,0.0,0.0,0.0,0.0,0,0,0,0,7,0,1,0,0,-172.0,124.0
249,MarcinPrachnio,205,74,34,6.28,4.1,0.0,0.0,51,57,0,0,15,5,PhilipeLins,240,78,37,2.66,3.68,0.0,0.0,40,49,0,0,14,5,0,0,0,-143.0,-105.0
250,RobFont,135,71,35,5.64,3.55,1.1,0.5,44,59,36,55,19,5,MarlonVera,135,70,30,4.08,4.27,0.82,1.3,51,50,42,69,18,7,0,0,0,-135.0,-115.0
251,AndreiArlovski,240,77,43,3.72,3.09,0.42,0.2,44,57,36,78,33,20,JakeCollier,230,78,34,5.59,4.43,0.62,0.5,42,52,26,67,13,6,1,0,0,-270.0,230.0
252,AndreFili,145,11,32,3.8,3.86,2.5,0.2,36,52,50,68,21,8,JoandersonBrito,145,72,27,3.33,3.13,2.98,0.0,47,50,62,0,12,3,0,0,1,-278.0,194.0
253,JaredGordon,155,68,34,5.22,3.12,2.54,0.0,56,59,39,50,18,4,GrantDawson,155,10,28,3.06,2.05,3.36,1.3,50,49,32,40,17,1,0,1,0,136.0,-220.0
254,DarrenElkins,145,10,38,3.44,3.09,2.65,1.1,38,52,32,56,27,10,TristanConnelly,145,10,37,2.77,1.93,0.5,0.5,47,51,14,70,14,7,1,0,0,-190.0,137.0
255,KrzysztofJotko,185,77,33,2.92,2.24,1.15,0.1,41,57,34,83,23,5,GeraldMeerschaert,185,77,35,3.11,3.43,2.42,2.0,44,52,41,35,34,14,1,0,0,-225.0,140.0
256,AlexandrRomanov,262,75,32,4.26,1.43,5.58,1.3,52,43,65,20,15,0,ChaseSherman,250,78,33,6.19,6.37,0.0,0.0,45,51,0,77,15,9,1,1,0,-2300.0,1100.0
257,DanielDaSilva,125,70,26,3.47,8.15,0.0,0.0,80,24,0,0,11,2,FranciscoFigueiredo,125,68,33,1.9,2.57,3.0,0.0,58,64,75,87,12,4,0,1,0,-143.0,100.0
258,NatanLevy,155,71,31,2.51,1.7,2.89,1.2,41,60,55,46,6,1,MikeBreeden,155,10,33,4.04,6.61,0.0,0.0,34,46,0,81,10,4,1,0,0,-235.0,160.0
259,CharlesOliveira,155,10,33,3.44,3.13,2.5,2.8,53,52,41,57,32,8,JustinGaethje,155,11,34,7.5,7.81,0.0,0.0,60,55,0,73,23,3,1,1,0,-165.0,110.0
260,MichaelChandler,155,71,36,5.17,4.98,1.73,1.1,46,44,33,71,22,7,TonyFerguson,155,11,38,5.15,3.78,0.42,1.1,45,59,42,67,26,6,1,0,1,-400.0,270.0
261,MauricioRua,205,76,41,3.57,2.71,2.12,0.8,50,54,48,47,27,12,OvinceSaintPreux,205,80,39,2.65,3.07,1.21,0.6,46,45,38,66,25,16,0,0,0,200.0,-286.0
262,RandyBrown,170,78,32,4.21,3.11,0.86,0.6,48,52,43,71,14,4,KhaosWilliams,170,77,28,5.0,3.38,0.0,0.0,38,49,0,50,13,2,1,0,0,-115.0,-135.0
263,FranciscoTrinaldo,170,70,44,3.04,2.62,1.03,0.5,43,60,44,59,27,8,DannyRoberts,170,74,35,3.24,3.01,0.3,0.3,43,54,11,56,18,5,1,0,0,-120.0,-145.0
264,BrandonRoyval,125,68,30,3.16,2.57,0.73,2.2,36,48,0,39,13,6,MattSchnell,125,70,32,4.23,4.17,0.39,1.0,38,59,33,50,15,5,1,1,0,-270.0,200.0
265,BlagoyIvanov,250,11,36,3.32,4.15,1.06,0.2,40,54,54,75,18,4,MarcosRogeriodeLima,253,75,37,3.39,2.12,1.14,0.6,54,54,66,47,19,8,1,0,0,-158.0,120.0
266,AndreFialho,170,74,28,3.92,6.67,0.0,0.0,40,49,0,75,15,4,CameronVanCamp,170,74,29,0.0,0.0,0.0,0.0,0,0,0,0,15,5,1,0,1,-650.0,330.0
267,KleydsonRodrigues,125,67,27,6.07,1.4,0.0,1.0,65,60,0,66,7,1,CJVergara,125,68,31,6.57,5.23,0.0,0.0,55,59,0,87,9,3,0,0,0,-480.0,215.0
268,JourneyNewson,135,67,33,2.76,2.76,0.0,0.9,32,65,0,0,9,3,FernieGarcia,135,67,30,5.54,6.92,0.0,0.0,38,40,0,0,10,1,1,0,0,-105.0,-180.0
269,RyanSpann,205,79,31,3.43,3.54,1.58,1.6,44,47,38,60,19,7,IonCutelaba,205,75,29,4.91,3.43,4.39,0.0,42,47,60,79,16,6,1,1,0,175.0,-265.0
270,DaveyGrant,135,69,37,4.55,3.75,1.77,0.1,44,57,44,60,13,6,LouisSmolka,135,68,31,4.54,3.87,1.81,1.9,47,52,37,31,17,8,1,0,1,-305.0,210.0
271,FrankCamacho,155,10,33,6.67,7.31,1.17,0.0,46,52,45,72,22,9,ManuelTorres,155,10,27,1.54,2.31,0.0,0.0,59,75,0,0,12,2,0,0,1,105.0,-139.0
272,JakeHadley,125,70,26,3.18,2.57,1.83,3.7,43,74,0,33,8,0,AllanNascimento,125,69,31,4.33,3.3,0.5,1.0,68,46,9,16,18,6,0,0,0,-225.0,170.0
273,MichaelJohnson,155,10,36,4.21,3.82,0.49,0.1,38,58,45,77,20,17,AlanPatrick,155,11,39,1.76,2.9,3.24,0.3,40,44,35,46,15,3,1,0,1,-163.0,120.0
274,TatsuroTaira,125,70,22,0.0,0.0,0.0,0.0,0,0,0,0,10,0,CarlosCandelario,125,68,31,4.37,4.17,2.5,0.0,49,46,31,47,8,1,1,0,0,-350.0,239.0
275,NickMaximov,185,76,25,1.78,1.73,5.67,0.3,54,39,47,0,8,0,AndrePetroski,185,73,31,4.22,2.0,4.29,3.8,64,52,47,0,7,2,0,1,0,-430.0,255.0
276,GloverTeixeira,205,76,43,3.72,3.83,2.11,1.1,48,54,39,60,33,7,JiriProchazka,205,80,30,7.19,6.8,0.98,0.0,52,48,0,50,28,3,0,1,0,160.0,-235.0
277,AndreFialho,170,74,28,4.23,6.75,0.0,0.0,43,48,0,75,16,4,JakeMatthews,170,11,28,3.03,2.16,1.93,0.6,44,61,41,66,17,5,0,0,1,-125.0,-120.0
278,JackDellaMaddalena,170,11,26,8.4,4.95,0.0,0.0,49,64,0,75,11,2,RamazanEmeev,170,10,35,2.52,2.02,2.29,0.6,45,66,29,66,20,5,1,0,1,-195.0,145.0
279,Maheshate,155,71,23,3.27,3.2,0.0,0.0,29,56,0,0,8,1,SteveGarcia,155,75,30,4.46,2.2,1.91,0.5,58,42,44,0,12,4,1,0,1,110.0,-165.0
280,BrendanAllen,185,75,27,4.39,4.59,1.04,1.7,54,44,33,50,18,5,JacobMalkoun,185,73,27,3.53,2.64,6.93,1.0,57,45,35,0,6,1,1,0,0,-333.0,220.0
281,KyungHoKang,135,73,35,2.56,2.36,2.23,0.9,45,57,59,68,17,9,BatgerelDanaa,135,70,33,5.66,3.45,0.53,0.0,37,56,50,57,12,3,1,0,0,-125.0,-139.0
282,CalvinKattar,145,11,34,5.19,7.64,0.51,0.1,41,52,29,89,23,5,JoshEmmett,145,70,37,4.28,4.1,1.25,0.1,39,62,47,58,17,2,0,0,0,-280.0,175.0
283,TimMeans,170,75,38,5.06,3.58,0.92,0.2,48,61,39,66,32,12,KevinHolland,170,81,30,3.84,2.38,0.87,0.5,55,55,45,49,22,7,0,1,0,250.0,-400.0
284,JoaquinBuckley,185,10,28,3.94,3.88,2.0,0.0,36,51,35,40,14,4,AlbertDuraev,185,11,33,3.95,2.33,1.62,1.6,51,56,20,50,15,3,1,0,1,165.0,-235.0
285,DamirIsmagulov,155,10,31,3.75,1.9,1.75,0.0,43,65,36,0,23,1,GuramKutateladze,155,11,30,2.47,3.47,0.0,0.0,43,58,0,68,12,2,1,0,0,-230.0,160.0
286,JulianMarquez,185,72,32,4.2,3.13,0.0,3.2,45,55,0,53,9,2,GregoryRodrigues,185,75,30,5.28,5.87,2.59,0.7,53,52,53,0,11,4,0,0,1,135.0,-177.0
287,AdrianYanez,135,70,29,6.35,5.52,0.0,0.0,39,60,0,0,15,3,TonyKelley,135,70,35,5.58,4.43,0.0,1.5,47,45,0,52,8,2,1,0,1,-2500.0,225.0
288,CourtMcGee,170,11,38,4.69,3.69,1.87,0.5,37,60,25,69,22,10,JeremiahWells,170,74,36,3.55,1.58,1.48,1.5,50,20,12,0,10,2,0,0,1,-125.0,-230.0
289,RicardoRamos,145,72,27,3.32,3.84,2.61,0.6,38,57,58,72,15,4,DannyChavez,145,67,35,2.87,3.84,2.0,0.0,38,50,60,87,11,4,1,0,1,-450.0,300.0
290,EddieWineland,135,69,38,3.4,3.66,0.34,0.1,29,69,33,86,24,15,CodyStamann,135,64,33,4.02,3.39,2.78,0.0,46,63,42,75,19,5,0,0,1,400.0,-1000.0
291,RomanDolidze,185,76,34,2.36,1.4,2.74,1.5,48,64,52,37,9,1,KyleDaukaus,185,76,29,3.04,2.49,2.4,2.2,54,40,31,86,11,2,1,0,1,195.0,-303.0
292,RafaelDosAnjos,155,70,38,3.62,3.24,1.99,0.6,46,61,37,58,31,13,RafaelFiziev,155,71,29,5.35,5.57,0.48,0.0,52,50,50,95,11,1,0,0,1,163.0,-225.0
293,CaioBorralho,185,10,29,3.66,1.7,1.96,0.0,64,65,80,75,11,1,ArmenPetrosyan,185,71,32,7.56,3.39,0.0,0.0,55,54,0,37,7,1,1,0,0,-270.0,130.0
294,DouglasSilvadeAndrade,135,68,37,3.83,4.19,0.64,0.3,39,57,45,68,28,4,SaidNurmagomedov,135,70,30,4.75,2.35,0.44,0.4,46,61,7,77,15,2,0,0,0,187.0,-500.0
295,JaredVanderaa,265,80,30,4.52,4.78,0.27,0.0,47,44,0,20,12,8,ChaseSherman,250,78,33,6.08,6.32,0.0,0.0,45,51,0,66,15,10,0,0,1,-240.0,150.0
296,MichaelJohnson,155,10,36,4.19,3.78,0.52,0.1,38,58,47,78,21,17,JamieMullarkey,155,74,28,3.42,5.05,3.38,0.3,43,47,32,57,14,5,0,0,0,170.0,-250.0
297,AiemannZahabi,135,68,35,2.82,3.91,0.33,0.0,40,65,16,72,8,2,RickyTurcios,135,71,29,7.0,4.23,1.0,0.0,45,58,22,45,12,2,1,0,0,150.0,-250.0
298,DavidOnama,145,11,28,6.49,6.86,0.0,0.0,51,47,0,42,9,1,GarrettArmfield,145,70,26,0.0,0.0,0.0,0.0,0,0,0,0,8,2,1,1,0,-1000.0,500.0
299,KennedyNzechukwu,205,83,30,5.13,4.9,0.0,0.0,44,51,0,80,9,3,KarlRoberson,205,74,32,2.89,2.56,0.85,0.6,52,58,57,47,9,5,1,0,1,-174.0,-125.0
300,RonnieLawrence,135,68,30,3.54,1.62,9.15,0.3,57,55,78,0,8,1,SaidyokubKakhramonov,135,69,27,2.46,0.82,2.05,4.1,55,61,28,87,9,2,0,0,0,-132.0,-105.0
301,LiJingliang,170,71,34,4.42,3.74,1.25,0.0,42,58,39,58,18,7,MuslimSalikhov,170,11,38,3.13,2.36,1.12,0.0,48,68,38,81,18,2,1,0,1,127.0,-165.0
302,MattSchnell,125,70,32,4.26,4.23,0.38,0.9,38,59,33,50,15,6,Sumudaerji,125,72,26,4.49,2.19,0.4,0.8,51,68,0,77,16,4,1,1,0,210.0,-286.0
303,ShaneBurgos,145,11,31,7.95,6.69,0.24,0.1,52,57,0,91,14,3,CharlesJourdain,145,69,27,5.6,4.53,0.0,0.6,49,60,0,46,13,4,1,0,0,-190.0,140.0
304,RickySimon,135,69,30,3.04,3.0,6.76,0.4,43,64,54,72,19,3,JackShore,135,71,27,4.18,2.27,4.13,0.7,59,60,41,84,16,0,1,1,0,138.0,-196.0
305,BillAlgeo,145,73,33,5.88,4.43,0.8,0.0,53,43,44,55,15,6,HerbertBurns,145,73,34,1.67,5.02,4.64,2.8,45,33,83,75,11,3,1,0,1,-220.0,163.0
306,DustinJacoby,205,76,34,5.3,3.75,0.39,0.0,46,58,42,58,17,5,Da-UnJung,205,78,29,4.03,3.77,2.6,0.3,44,55,61,88,15,2,1,0,1,100.0,-140.0
307,DwightGrant,185,76,38,3.26,2.55,0.72,0.0,34,61,0,68,11,5,DustinStoltzfus,185,75,31,2.87,3.08,1.7,0.7,41,47,33,46,13,4,0,0,0,-105.0,-140.0
308,JackHermansson,185,77,34,4.97,3.83,1.73,0.5,44,54,30,75,22,7,ChrisCurtis,185,10,35,7.23,6.28,0.0,0.0,65,48,0,0,29,8,1,0,0,-112.0,-115.0
309,PaddyPimblett,155,10,27,6.07,3.89,1.82,1.8,57,46,25,0,18,3,JordanLeavitt,155,71,27,2.49,1.82,1.8,1.4,61,53,26,33,10,1,1,1,0,-333.0,210.0
310,NikitaKrylov,205,77,30,4.35,2.44,1.43,1.3,56,43,35,54,27,9,AlexanderGustafsson,205,79,35,4.02,3.42,1.54,0.4,40,51,39,83,18,7,1,0,1,-220.0,155.0
311,PaulCraig,205,76,35,2.51,2.49,2.13,2.0,51,48,26,50,16,4,VolkanOezdemir,205,75,33,4.75,4.27,0.31,0.0,45,53,18,80,17,6,0,0,0,110.0,-152.0
312,MasonJones,155,10,27,6.71,5.59,4.43,0.0,45,46,52,78,11,1,LudovitKlein,155,72,27,3.58,4.22,1.38,0.0,55,45,36,80,18,4,0,0,0,-470.0,300.0
313,MarcDiakiese,155,10,29,2.84,2.56,3.17,0.0,39,53,42,62,15,5,DamirHadzovic,155,70,36,3.92,3.7,0.92,0.2,48,62,62,37,14,6,1,0,0,-450.0,300.0
314,NathanielWood,145,69,29,6.28,4.36,1.29,0.9,46,53,46,75,17,5,CharlesRosa,145,69,36,3.05,3.62,1.64,1.0,36,48,37,38,14,7,1,0,0,120.0,-155.0
315,MakwanAmirkhani,145,10,34,1.36,2.41,4.08,1.2,43,51,43,50,17,7,JonathanPearce,145,71,30,4.98,4.1,6.79,1.3,52,48,58,60,12,4,0,0,1,124.0,-175.0
316,MuhammadMokaev,125,70,22,2.07,1.03,0.0,5.5,40,80,0,0,7,0,CharlesJohnson,125,70,31,0.0,0.0,0.0,0.0,0,0,0,0,11,2,1,0,0,-500.0,320.0
317,JaiHerbert,155,77,34,2.47,2.9,0.0,0.0,36,45,0,42,11,4,KyleNelson,155,11,31,3.63,6.82,0.96,1.9,41,47,12,60,13,4,1,0,0,-303.0,210.0
318,ClaudioSilva,170,11,40,2.81,3.0,2.63,1.3,41,44,25,50,14,3,NicolasDalby,170,11,38,3.26,3.56,1.25,0.0,38,54,29,65,19,4,0,0,0,170.0,-250.0
319,BrandonMoreno,125,70,29,3.54,3.31,1.84,0.7,39,57,47,69,19,6,KaiKara-France,125,69,29,4.84,3.51,0.43,0.0,40,65,21,86,24,9,1,0,1,-225.0,163.0
320,DerrickLewis,260,79,37,2.56,2.51,0.6,0.0,50,41,28,55,26,9,SergeiPavlovich,257,84,30,6.08,4.45,0.0,0.0,50,46,0,66,15,1,0,0,1,-122.0,-180.0
321,AlexandrePantoja,125,67,32,4.24,3.34,1.26,1.1,48,55,38,67,24,5,AlexPerez,125,65,30,4.62,3.08,2.92,1.3,47,61,45,87,24,6,1,1,0,-205.0,137.0
322,MagomedAnkalaev,205,75,30,3.49,2.13,1.01,0.0,54,61,33,85,17,1,AnthonySmith,205,76,34,3.03,4.31,0.46,0.8,47,42,28,48,36,16,1,0,1,-700.0,380.0
323,AlexMorono,170,11,32,5.21,3.93,0.35,0.3,42,56,25,53,21,7,MatthewSemelsberger,170,75,30,5.01,4.55,0.99,0.3,48,59,0,42,10,3,1,0,0,130.0,-190.0
324,DrewDober,155,70,34,4.4,4.23,0.8,0.1,40,52,17,53,24,11,RafaelAlves,155,68,32,2.1,3.56,0.0,1.8,47,58,0,60,20,10,1,0,1,-230.0,140.0
325,Don'TaleMayes,260,81,30,3.75,3.83,1.32,0.0,46,42,53,62,9,4,HamdyAbdelwahab,264,72,29,0.0,0.0,0.0,0.0,0,0,0,0,5,0,0,0,0,-230.0,-105.0
326,DrakkarKlose,155,70,34,4.42,3.61,1.77,0.0,55,53,33,68,12,2,RafaGarcia,155,70,28,3.54,4.94,4.1,0.6,36,54,48,72,14,2,1,0,0,-227.0,165.0
327,MichaelMorales,170,79,23,4.14,3.14,3.14,0.0,48,36,44,85,13,0,AdamFugitt,170,77,33,0.0,0.0,0.0,0.0,0,0,0,0,8,2,1,0,1,-800.0,450.0
328,NicolaeNegumereanu,205,78,28,3.39,5.92,0.65,0.0,39,38,18,62,12,1,IhorPotieria,205,75,26,4.89,5.7,0.0,0.0,72,32,0,0,19,2,1,0,1,-140.0,-157.0
329,OrionCosce,170,11,28,3.7,3.12,1.87,0.0,55,52,42,70,7,1,BloodDiamond,170,11,34,0.22,3.24,0.0,0.0,33,21,0,80,3,1,1,0,0,-220.0,142.0
330,ThiagoSantos,205,76,38,3.77,2.37,0.54,0.1,47,55,36,65,22,10,JamahalHill,205,79,31,7.06,3.71,0.0,0.0,51,45,0,60,10,1,0,0,1,225.0,-360.0
331,VicenteLuque,170,11,31,5.3,5.18,0.54,0.8,53,53,50,61,21,8,GeoffNeal,170,11,32,4.63,4.91,0.5,0.2,49,62,50,85,14,4,0,0,1,-222.0,140.0
332,MohammedUsman,239,79,33,0.0,0.0,0.0,0.0,0,0,0,0,8,2,ZacPauga,225,76,34,0.0,0.0,0.0,0.0,0,0,0,0,6,0,1,0,1,225.0,-300.0
333,AugustoSakai,265,77,31,5.04,4.09,0.14,0.0,48,49,33,68,15,4,SergheiSpivac,260,78,27,3.79,3.22,3.29,0.2,49,54,60,70,14,3,0,0,1,180.0,-350.0
334,SamAlvey,185,75,36,3.3,3.57,0.07,0.1,44,53,16,82,33,17,MichalOleksiejczuk,205,74,27,4.75,4.27,0.73,0.0,49,64,42,47,16,5,0,0,1,325.0,-800.0
335,BryanBattle,170,77,28,7.1,4.58,1.35,0.7,56,40,22,55,8,1,TakashiSato,170,10,32,2.28,4.16,0.35,0.0,38,44,50,60,16,5,1,0,1,-350.0,180.0
336,MarlonVera,135,70,30,4.33,4.99,0.73,1.1,51,50,42,68,19,7,DominickCruz,135,68,37,3.82,2.56,2.88,0.1,33,71,43,83,24,3,1,0,1,-235.0,160.0
337,NateLandwehr,145,72,34,6.51,5.96,0.48,1.0,52,51,50,87,15,4,DavidOnama,145,11,28,5.61,5.58,1.09,0.5,48,52,22,50,10,1,1,0,0,265.0,-375.0
338,DevinClark,205,75,32,3.08,2.54,2.48,0.1,57,46,35,53,13,6,AzamatMurzakanov,205,10,33,2.69,3.42,1.09,0.0,43,56,16,0,11,0,0,0,1,120.0,-165.0
339,BrunoSilva,185,74,33,4.94,4.79,0.89,0.0,51,37,18,68,22,7,GeraldMeerschaert,185,77,35,3.04,3.53,2.25,1.8,44,51,40,29,34,15,0,1,0,-357.0,240.0
340,MartinBuday,265,77,31,4.77,2.17,0.0,0.0,72,50,0,0,10,1,LukaszBrzeski,236,78,30,5.78,3.1,2.17,2.2,53,51,66,0,8,1,1,0,0,-335.0,240.0
341,GabrielBenitez,155,71,34,4.6,3.98,0.14,1.1,40,65,50,58,22,11,CharlieOntiveros,155,74,31,0.7,4.6,0.0,0.0,32,26,0,25,11,8,1,0,1,-400.0,260.0
342,JasonWitt,170,10,36,2.26,2.63,6.89,1.0,47,50,48,0,19,8,JoshQuinlan,170,72,29,6.6,2.55,0.0,0.0,72,33,0,0,5,0,0,0,1,210.0,-303.0
343,KamaruUsman,170,76,35,4.66,2.59,3.0,0.1,52,58,49,0,20,1,LeonEdwards,170,74,31,2.62,2.15,1.48,0.3,49,55,35,70,19,3,0,0,1,-375.0,275.0
344,PauloCosta,185,72,31,6.85,7.02,0.21,0.0,59,48,50,80,13,2,LukeRockhold,185,77,38,4.18,2.43,0.67,1.1,48,56,30,68,16,5,1,0,0,-400.0,260.0
345,JoseAldo,135,70,36,3.61,3.74,0.51,0.2,46,60,54,90,31,7,MerabDvalishvili,135,68,31,4.26,2.28,7.3,0.3,41,60,45,78,14,4,0,0,0,100.0,-170.0
346,TysonPedro,205,79,31,2.89,2.36,0.66,1.3,64,51,25,52,8,3,HarryHunsucker,205,75,33,3.83,6.7,0.0,2.4,52,42,0,0,7,5,1,0,1,108.0,-140.0
347,MarcinTybura,249,78,37,3.65,3.44,1.54,0.1,49,54,32,82,22,7,AlexandrRomanov,262,75,32,4.23,1.35,6.46,1.6,52,43,69,20,16,0,1,0,0,260.0,-400.0
348,AJFletcher,170,10,25,2.53,2.53,4.31,1.7,55,55,62,0,9,1,AngeLoosa,170,10,29,5.07,8.3,0.5,0.5,38,48,16,0,8,3,0,0,0,-410.0,265.0
349,AmirAlbazi,125,68,29,4.06,3.15,2.28,0.8,40,58,75,66,14,1,FranciscoFigueiredo,125,68,33,1.98,2.59,2.88,0.5,60,63,75,82,13,4,1,1,0,-114.0,-120.0
350,DanielDaSilva,125,70,26,3.4,7.36,2.12,0.0,77,22,33,0,11,3,VictorAltamirano,125,70,31,5.97,5.23,2.5,0.0,57,50,41,72,10,2,0,0,1,-425.0,250.0
351,NateDiaz,170,76,37,4.51,3.73,1.1,1.3,45,52,30,41,21,13,TonyFerguson,155,11,38,5.12,3.81,0.41,1.1,45,58,42,66,26,7,1,1,0,110.0,-160.0
352,KhamzatChimaev,170,75,28,7.89,4.3,3.23,2.7,59,41,66,0,11,0,KevinHolland,170,81,30,3.9,2.41,0.84,0.6,54,55,43,50,23,7,1,1,0,-375.0,250.0
353,LiJingliang,170,71,34,4.39,3.66,1.27,0.0,42,58,40,60,19,7,DanielRodriguez,170,74,36,8.06,5.38,0.84,0.2,50,57,55,76,16,2,0,0,0,100.0,-145.0
354,JohnnyWalker,205,82,30,3.45,2.78,0.23,0.7,58,42,0,62,18,7,IonCutelaba,205,75,29,4.81,3.39,4.75,0.0,42,48,62,79,16,7,1,1,0,-600.0,275.0
355,HakeemDawodu,145,73,31,5.39,2.72,0.0,0.0,50,59,0,65,13,2,JulianErosa,145,74,33,6.29,6.51,1.69,0.8,48,48,52,61,27,10,0,0,0,145.0,-200.0
356,JailtonAlmeida,205,79,31,3.48,0.49,6.27,2.1,53,12,66,50,16,2,AntonTurkalj,205,78,26,1.4,1.27,1.0,0.0,56,58,68,0,8,0,1,1,0,163.0,-225.0
357,DenisTiuliulin,185,77,34,4.45,6.03,0.0,0.0,37,37,0,33,10,6,JamiePickett,185,80,34,2.89,3.97,1.57,0.2,50,46,47,64,13,7,1,0,1,-350.0,245.0
358,JakeCollier,230,78,34,5.67,4.65,0.81,0.4,43,51,33,67,13,7,ChrisBarnett,265,75,36,3.6,5.59,0.0,0.0,45,37,0,0,22,8,0,0,1,-460.0,300.0
359,ChadAnheliger,135,64,36,3.99,3.33,0.0,1.6,54,50,0,52,12,5,Alatengheili,135,66,31,2.86,5.07,1.73,0.0,33,58,33,72,15,8,0,0,0,650.0,-1350.0
360,DarianWeeks,170,11,29,5.27,6.07,2.5,0.0,55,49,45,0,5,2,YohanLainesse,170,76,30,4.32,4.69,2.82,1.4,49,60,40,0,8,1,0,0,0,-110.0,-125.0
361,CorySandhagen,135,11,30,6.42,4.5,0.71,0.4,44,55,33,67,14,4,SongYadong,135,67,25,4.92,3.78,0.45,0.3,42,59,42,60,19,6,1,0,1,-140.0,-150.0
362,ChidiNjokuani,185,80,34,3.76,1.45,0.0,0.5,73,56,0,76,22,7,GregoryRodrigues,185,75,30,6.0,5.73,2.4,0.7,55,53,53,0,12,4,0,0,1,-150.0,100.0
363,AndreFili,145,11,32,3.82,3.92,2.49,0.2,36,52,50,68,21,9,BillAlgeo,145,73,33,5.73,4.18,0.92,0.0,54,43,50,54,16,6,1,0,0,230.0,-310.0
364,JoePyfer,185,75,26,3.45,2.45,2.73,1.4,52,50,0,50,9,2,AlenAmedovski,185,10,34,0.55,3.91,0.0,0.0,25,36,0,0,8,3,1,0,1,-625.0,375.0
365,TannerBoser,255,75,31,4.23,2.16,0.0,0.0,51,63,0,70,20,8,RodrigoNascimento,246,80,30,5.46,6.14,1.71,1.7,57,38,40,0,8,1,0,0,0,-152.0,115.0
366,AnthonyHernandez,185,75,29,4.26,3.93,5.39,2.3,58,46,70,66,9,2,Marc-AndreBarriault,185,74,32,5.79,5.04,0.34,0.2,46,55,25,68,14,5,1,1,0,-360.0,250.0
367,DamonJackson,145,11,34,2.55,2.86,2.47,2.1,41,50,38,40,21,4,PatSabatini,145,70,32,1.69,1.3,3.84,1.9,56,53,44,50,17,3,1,0,1,-170.0,114.0
368,TrevinGiles,170,74,30,3.09,2.2,1.37,0.5,54,59,64,75,14,4,LouisCosce,170,71,27,8.22,9.3,1.07,0.0,48,48,11,0,7,1,1,0,0,-265.0,180.0
369,TonyGravely,135,69,31,3.92,3.04,6.65,0.4,52,47,55,52,23,7,JavidBasharat,135,69,27,5.45,2.53,1.54,0.5,58,64,60,0,12,0,0,0,0,-1800.0,700.0
370,NikolasMotta,155,70,29,2.87,4.64,0.0,0.0,30,60,0,0,12,4,CameronVanCamp,155,74,29,7.35,6.58,0.0,0.0,61,29,0,0,15,6,1,0,1,-400.0,275.0
371,AlexaGrasso,125,66,29,4.92,3.79,0.54,0.7,43,63,57,60,14,3,VivianeAraujo,125,68,36,4.76,5.13,2.23,0.6,48,58,60,90,11,3,1,0,0,-195.0,150.0
372,CubSwanson,135,70,39,4.66,3.65,1.08,0.5,50,60,51,61,28,12,JonathanMartinez,135,70,28,4.72,3.77,0.54,0.0,48,60,50,73,16,4,0,0,1,-350.0,250.0
373,JordanWright,185,77,31,7.37,7.61,2.38,0.0,66,36,40,0,12,3,DuskoTodorovic,185,74,28,5.36,4.77,1.14,0.0,54,47,14,50,11,3,0,0,1,-128.0,-105.0
374,RaphaelAssuncao,135,66,40,3.2,2.34,1.44,0.3,40,68,38,77,27,9,VictorHenry,135,68,35,2.07,8.93,0.0,0.0,51,51,0,85,22,5,1,0,0,-250.0,175.0
375,MishaCirkunov,205,77,35,3.87,3.0,4.25,1.8,51,57,43,76,15,8,AlonzoMenifield,205,76,35,3.88,3.23,0.82,0.2,56,53,30,83,12,3,0,0,1,160.0,-225.0
376,ManaMartinez,135,10,26,3.8,3.55,0.93,0.9,50,41,66,12,9,3,BrandonDavis,135,10,32,4.63,4.46,0.7,0.1,35,60,45,56,14,9,1,0,0,260.0,-400.0
377,NickMaximov,185,76,25,1.82,1.71,5.51,0.3,52,42,45,0,8,1,JacobMalkoun,185,73,27,3.09,2.76,6.95,0.7,58,43,38,0,6,2,0,0,0,-333.0,210.0
378,JoandersonBrito,145,72,27,3.79,3.28,2.9,0.0,49,50,62,0,13,3,LucasAlexander,145,11,27,0.0,0.0,0.0,0.0,0,0,0,0,7,2,1,1,0,-500.0,310.0
379,PieraRodriguez,115,63,30,3.1,2.23,3.0,0.0,44,64,35,75,8,0,SamHughes,115,64,30,3.77,4.73,1.41,0.0,47,53,40,41,7,4,1,0,0,-157.0,120.0
380,TatsuroTaira,125,70,22,3.8,0.6,1.0,3.0,65,73,20,60,11,0,CJVergara,125,68,31,5.67,5.31,0.0,0.0,55,52,0,80,10,3,1,1,0,-704.0,400.0
381,MikeJackson,170,74,37,4.33,2.91,0.76,0.0,56,67,50,88,1,1,PeteRodriguez,170,71,26,8.38,4.41,0.0,0.0,36,46,0,0,4,1,0,0,1,475.0,-800.0
382,CharlesOliveira,155,10,33,3.53,3.18,2.46,2.9,53,52,40,57,33,8,IslamMakhachev,155,10,31,2.27,0.84,3.41,1.2,57,68,65,88,22,1,0,1,0,140.0,-245.0
383,PetrYan,135,67,29,5.45,3.88,1.48,0.2,53,61,61,90,16,3,SeanO'Malley,135,11,28,7.75,3.48,0.54,0.5,62,64,50,64,15,1,0,0,0,-435.0,200.0
384,BeneilDariush,155,10,33,3.8,2.58,2.11,1.0,49,58,34,81,21,4,MateuszGamrot,155,10,32,3.54,3.19,4.83,0.3,51,63,35,90,21,1,1,0,0,170.0,-275.0
385,BelalMuhammad,170,11,34,4.31,3.58,2.29,0.2,43,59,35,91,21,3,SeanBrady,170,10,30,3.91,3.22,3.22,0.9,54,62,60,87,15,0,1,0,1,100.0,-152.0
386,MakhmudMuradov,185,75,32,5.39,3.17,0.31,0.3,42,61,16,80,25,7,CaioBorralho,185,10,29,2.72,1.82,2.63,0.0,62,61,80,75,12,1,0,0,0,170.0,-232.0
387,VolkanOezdemir,205,75,33,4.76,3.99,0.4,0.0,47,56,23,86,18,6,NikitaKrylov,205,77,30,4.55,2.46,1.41,1.3,56,43,35,54,28,9,0,0,0,143.0,-195.0
388,AbubakarNurmagomedov,170,11,33,3.59,2.52,1.68,0.0,49,69,33,0,16,3,GadzhiOmargadzhiev,170,71,29,1.21,1.81,1.64,0.8,41,38,66,0,13,1,1,0,0,-175.0,115.0
389,ArmenPetrosyan,185,71,32,5.17,2.26,0.0,0.0,54,53,0,30,7,2,AJDobson,185,76,30,4.7,4.55,0.78,0.8,57,39,50,62,6,1,1,0,0,-225.0,160.0
390,MuhammadMokaev,125,70,22,0.88,0.81,1.27,0.9,41,51,46,0,8,0,MalcolmGordon,125,71,32,2.39,2.43,2.06,0.7,44,44,25,0,14,5,1,1,0,-1500.0,700.0
391,TimMeans,170,75,38,5.01,3.63,1.02,0.2,48,61,39,66,32,13,MaxGriffin,170,11,37,4.36,3.94,1.48,0.4,50,57,50,75,18,9,0,0,0,150.0,-200.0
392,WaldoCortes-Acosta,260,78,31,1.73,4.09,0.0,0.0,48,44,0,0,7,0,JaredVanderaa,265,80,30,5.23,5.84,0.22,0.0,45,43,0,20,12,9,1,0,0,-227.0,175.0
393,JoshFremd,185,76,28,2.07,3.2,1.0,1.0,57,32,0,27,9,3,TreseanGore,185,75,28,3.45,6.74,1.59,0.8,54,45,66,80,4,2,0,1,0,-175.0,134.0
394,DustinJacoby,205,76,34,5.27,3.77,0.38,0.0,46,59,42,58,18,5,KhalilRountreeJr.,205,76,32,3.34,3.55,0.0,0.2,38,49,0,50,11,5,0,0,0,-189.0,138.0
395,AndreiArlovski,240,77,43,3.81,3.2,0.4,0.2,45,57,36,76,34,20,MarcosRogeriodeLima,253,75,37,3.57,2.44,1.11,0.5,54,53,50,57,19,9,0,1,0,200.0,-275.0
396,JosephHolmes,185,80,27,3.31,2.9,1.89,1.3,51,61,37,60,8,2,JunyongPark,185,10,31,5.14,3.93,2.12,0.4,50,53,55,70,14,5,0,1,0,170.0,-235.0
397,ChaseHooper,145,74,23,3.99,3.41,1.59,2.4,48,34,27,50,11,2,SteveGarcia,145,75,30,4.5,2.33,1.84,0.5,56,41,44,0,12,5,0,0,1,-357.0,240.0
398,CodyDurden,125,67,31,3.98,4.12,4.24,0.4,49,48,38,71,13,4,CarlosMota,125,69,27,0.0,0.0,0.0,0.0,0,0,0,0,8,1,1,0,0,130.0,-175.0
399,ChristianRodriguez,135,71,25,3.47,2.17,1.0,1.5,41,60,0,60,7,1,JoshuaWeems,135,69,28,6.92,5.54,0.0,0.0,60,61,0,0,11,2,1,1,0,-455.0,300.0
400,NeilMagny,170,80,35,3.59,2.16,2.31,0.3,46,55,40,57,26,10,DanielRodriguez,170,74,36,7.75,5.35,0.72,0.1,49,57,55,73,17,2,1,1,0,-125.0,-110.0
401,TagirUlanbekov,125,70,31,3.42,3.36,3.67,0.7,44,54,42,61,13,2,NateManess,125,10,31,1.95,4.79,1.01,0.3,42,40,75,77,14,2,1,1,0,-260.0,180.0
402,GrantDawson,155,10,28,3.17,2.56,3.97,1.4,50,45,34,40,18,1,MarkMadsen,155,72,38,3.77,3.92,3.9,0.0,47,55,66,50,12,0,1,1,0,-227.0,170.0
403,DarrickMinner,145,69,32,2.58,1.95,2.46,2.8,64,32,72,66,26,13,ShayilanNuerdanbieke,145,69,28,1.8,2.89,3.0,0.0,42,49,32,40,38,10,0,0,1,240.0,-450.0
404,MarioBautista,135,69,29,5.27,3.96,2.17,0.3,48,56,63,66,10,2,BenitoLopez,135,10,28,4.49,4.8,0.0,0.3,44,58,0,78,10,1,1,1,0,-458.0,250.0
405,LiudvikSholinian,135,10,32,1.27,6.13,0.0,0.0,20,40,0,75,9,3,JohnnyMunoz,135,71,29,2.74,1.39,2.53,2.5,41,67,20,0,11,2,0,0,0,200.0,-270.0
406,CarlosCandelario,125,68,31,3.11,4.04,2.33,0.3,46,42,33,53,8,2,JakeHadley,125,70,26,1.47,1.73,0.65,1.9,38,70,0,42,8,1,0,1,0,210.0,-280.0
407,IsraelAdesanya,185,80,33,3.93,2.67,0.0,0.2,49,59,0,78,23,1,AlexPereira,185,79,35,6.29,3.36,0.0,0.0,60,58,0,73,6,1,0,0,1,-225.0,130.0
408,DustinPoirier,155,72,33,5.61,4.28,1.44,1.2,50,53,36,64,28,7,MichaelChandler,155,71,36,5.17,4.87,1.83,1.1,46,45,36,71,23,7,1,1,0,-235.0,163.0
409,FrankieEdgar,135,68,41,3.79,2.81,2.3,0.3,40,66,31,65,23,10,ChrisGutierrez,135,67,31,4.69,2.61,0.44,0.1,58,63,37,73,18,3,0,0,1,175.0,-255.0
410,DanHooker,145,75,32,4.91,4.81,0.89,0.2,47,51,36,78,21,12,ClaudioPuelles,155,10,26,1.99,2.89,2.74,1.4,51,46,38,60,13,2,1,0,1,-163.0,128.0
411,BradRiddell,155,71,31,4.73,3.56,1.85,0.0,53,52,37,62,10,3,RenatoMoicano,155,11,33,4.8,4.07,1.7,0.6,48,61,48,73,16,5,0,1,0,-105.0,-152.0
412,DominickReyes,205,77,33,4.77,3.73,0.36,0.4,50,48,28,80,12,3,RyanSpann,205,79,31,3.35,3.41,1.5,1.8,44,47,38,50,20,7,0,0,1,-230.0,165.0
413,AndrePetroski,185,73,31,4.07,2.05,4.1,4.1,61,53,47,0,8,2,WellingtonTurman,185,72,26,2.96,4.04,1.98,1.0,49,42,20,85,18,5,1,0,0,-205.0,145.0
414,MattFrevola,155,71,32,3.43,3.47,2.47,1.0,41,59,37,42,9,3,OttmanAzaitar,155,71,32,8.43,1.76,0.0,0.0,57,67,0,0,13,0,1,0,1,130.0,-180.0
415,MichaelTrizano,145,11,31,3.45,4.34,0.38,0.6,52,49,66,71,10,3,SeungWooChoi,145,74,30,3.32,3.0,0.9,0.0,37,45,55,66,10,5,1,0,1,140.0,-200.0
416,JulioArce,135,70,33,4.74,3.08,0.42,0.4,37,69,27,94,18,5,MontelJackson,135,10,30,3.42,1.34,4.13,0.3,55,57,78,68,11,2,0,0,0,162.0,-210.0
417,CarlosUlberg,205,77,32,8.91,3.95,1.13,0.0,62,50,0,0,7,1,NicolaeNegumereanu,205,78,28,3.79,5.69,1.09,0.0,41,39,28,62,13,1,1,0,1,-140.0,100.0
418,KennedyNzechukwu,205,83,30,4.68,4.36,0.79,0.2,44,51,62,81,10,3,IonCutelaba,205,75,29,4.61,3.26,4.68,0.0,42,47,63,76,16,8,0,0,1,-200.0,140.0
419,ChaseSherman,250,78,33,6.51,6.51,0.0,0.0,47,52,0,66,16,10,WaldoCortes-Acosta,260,78,31,6.21,3.8,0.0,0.0,46,56,0,0,8,0,0,0,0,190.0,-255.0
420,AndreFialho,170,74,28,3.78,6.65,0.0,0.0,42,48,0,75,16,5,MuslimSalikhov,170,11,38,3.04,2.56,1.17,0.0,47,66,35,77,18,3,0,0,1,-115.0,-118.0
421,JackDellaMaddalena,170,11,26,8.24,4.68,0.0,0.0,49,65,0,66,12,2,DannyRoberts,170,74,35,3.13,3.32,0.26,0.3,41,51,11,57,18,6,1,0,1,-1430.0,440.0
422,CharlesJohnson,125,70,31,0.8,0.8,0.0,0.0,54,58,0,53,11,3,ZhalgasZhumagulov,125,66,34,3.98,4.7,1.47,0.3,43,56,18,50,14,7,1,0,0,-180.0,130.0
423,VinceMorales,135,70,32,4.42,4.51,0.16,0.0,38,52,25,43,11,6,MilesJohns,135,66,28,3.85,2.9,0.83,0.0,51,69,28,92,12,2,0,0,0,138.0,-175.0
424,RickyTurcios,135,71,29,5.27,4.02,0.67,0.0,34,56,18,45,12,3,KevinNatividad,135,70,29,2.63,4.02,0.0,0.0,24,54,0,0,9,3,1,0,0,-201.0,130.0
425,BradyHiestand,135,71,23,4.4,6.67,6.0,0.0,49,41,54,50,6,2,FernieGarcia,135,67,30,2.85,4.19,0.0,0.0,36,57,0,60,10,2,1,0,0,-200.0,143.0
426,StephenThompson,170,75,39,3.9,2.81,0.29,0.0,43,56,41,63,16,6,KevinHolland,170,81,30,3.85,2.38,0.83,0.6,54,55,43,50,23,8,1,0,1,140.0,-200.0
427,BryanBarberena,170,72,33,6.11,5.01,0.16,0.3,48,44,25,55,18,8,RafaelDosAnjos,155,70,38,3.58,3.23,1.96,0.5,46,61,34,59,31,14,0,1,0,310.0,-500.0
428,MatheusNicolau,125,66,29,3.64,3.09,1.46,1.0,52,67,42,93,18,3,MattSchnell,125,70,32,4.34,4.44,0.68,1.2,39,57,44,50,16,6,1,0,1,-410.0,300.0
429,TaiTuivasa,264,75,29,4.12,4.24,0.0,0.0,50,45,0,52,15,4,SergeiPavlovich,257,84,30,6.83,4.44,0.0,0.0,51,45,0,66,16,1,0,0,1,145.0,-220.0
430,JackHermansson,185,77,34,5.12,3.74,1.57,0.5,43,55,27,75,23,7,RomanDolidze,185,76,34,2.6,1.54,2.47,1.6,48,63,52,33,11,1,0,1,0,-230.0,160.0
431,ErykAnders,185,75,35,3.26,4.2,1.57,0.1,47,50,25,75,14,7,KyleDaukaus,185,76,29,3.05,2.56,2.36,2.1,54,40,31,86,11,3,1,0,1,175.0,-260.0
432,NikoPrice,170,76,33,5.16,5.67,0.79,0.8,42,47,22,65,15,5,PhilRowe,170,80,32,4.3,3.94,0.72,0.0,56,52,33,47,9,3,0,0,1,-139.0,-125.0
433,ClayGuida,155,70,41,2.52,2.74,3.24,0.7,34,62,37,68,37,19,ScottHoltzman,155,69,39,4.32,3.58,2.07,0.2,48,53,56,66,14,5,1,0,0,143.0,-233.0
434,MichaelJohnson,155,10,36,4.2,3.91,0.5,0.1,38,58,43,79,21,18,MarcDiakiese,155,10,29,2.63,2.33,3.68,0.0,39,53,47,64,16,5,1,0,0,220.0,-405.0
435,DarrenElkins,145,10,38,3.52,3.16,2.76,1.1,38,51,33,56,27,10,JonathanPearce,145,71,30,5.78,3.62,6.75,1.1,58,48,60,58,13,4,0,0,0,350.0,-625.0
436,MarceloRojo,145,71,34,4.9,7.07,0.57,0.0,36,51,50,66,16,9,FrancisMarshall,145,72,23,7.33,4.93,6.0,0.0,47,59,60,0,6,0,0,0,1,135.0,-200.0
437,PaddyPimblett,155,10,27,4.19,3.0,1.88,4.7,53,41,40,60,19,3,JaredGordon,155,68,34,5.53,3.11,1.97,0.0,58,57,39,58,19,5,1,0,0,-140.0,120.0
438,SantiagoPonzinibbio,170,73,36,5.0,4.77,0.56,0.0,41,60,31,60,29,6,AlexMorono,170,11,32,5.36,4.01,0.32,0.3,43,57,20,51,22,7,1,0,1,-175.0,122.0
439,DarrenTill,185,74,30,2.26,3.02,0.5,0.0,46,58,41,78,18,4,DricusDuPlessis,185,76,28,6.55,4.23,1.2,0.0,51,52,18,0,17,2,0,1,0,145.0,-220.0
440,BryceMitchell,145,10,28,2.28,1.39,3.4,1.9,63,59,52,33,15,1,IliaTopuria,145,69,25,2.87,2.28,3.15,2.6,48,64,46,0,12,0,0,1,0,130.0,-175.0
441,JairzinhoRozenstruik,242,78,34,2.8,3.24,0.0,0.0,45,45,0,75,12,4,ChrisDaukaus,250,76,33,6.47,4.02,0.0,0.0,50,59,0,0,12,5,1,0,1,-186.0,140.0
442,EdmenShahbazyan,185,74,25,3.24,4.13,2.71,0.5,50,46,37,57,11,3,DalchaLungiambula,185,76,35,3.18,3.66,2.49,0.0,44,53,55,77,11,5,1,0,1,-351.0,245.0
443,ChrisCurtis,185,10,35,6.0,6.39,0.0,0.0,58,52,0,0,29,9,JoaquinBuckley,185,10,28,3.61,3.42,1.35,0.0,32,54,30,66,15,5,1,0,1,130.0,-190.0
444,BillyQuarantillo,145,10,34,7.74,5.8,1.37,1.4,59,40,21,57,16,4,AlexanderHernandez,145,72,30,3.97,3.94,1.43,0.0,37,57,33,64,13,5,1,0,1,-185.0,138.0
445,CameronSaaiman,135,67,22,4.43,2.95,1.17,1.2,39,59,33,0,6,0,StevenKoslow,125,69,25,0.0,0.0,0.0,0.0,0,0,0,0,6,0,1,0,1,-351.0,238.0
446,JaredCannonier,185,11,38,3.73,3.5,0.19,0.0,51,61,25,65,15,6,SeanStrickland,185,76,31,5.54,4.01,1.14,0.3,40,65,61,85,25,4,1,0,0,-125.0,-110.0
447,ArmanTsarukyan,155,72,26,3.76,1.86,2.71,0.0,45,54,33,75,18,3,DamirIsmagulov,155,10,31,4.05,2.56,1.4,0.0,42,63,28,90,24,1,1,0,0,-220.0,155.0
448,AmirAlbazi,125,68,29,3.79,3.01,3.09,1.2,42,55,62,66,15,1,AlessandroCosta,125,67,26,3.0,3.27,0.0,0.0,34,68,0,0,11,2,1,0,1,-525.0,333.0
449,AlexCaceres,145,10,34,4.15,2.92,0.58,0.8,51,64,70,64,19,13,JulianErosa,145,74,33,6.26,6.3,1.73,0.7,48,48,48,61,28,10,1,0,1,140.0,-180.0
450,DrewDober,155,70,34,4.47,4.16,0.75,0.1,40,51,17,54,25,11,BobbyGreen,155,10,36,5.88,3.65,1.34,0.3,52,62,38,72,29,13,1,0,1,-175.0,130.0
451,CodyBrundage,185,72,28,2.65,2.65,1.81,1.2,53,51,30,68,8,2,MichalOleksiejczuk,205,74,27,4.95,4.19,0.7,0.0,50,64,42,50,17,5,0,0,1,195.0,-290.0
452,JakeMatthews,170,11,28,3.17,2.18,1.85,0.6,45,61,41,66,18,5,MatthewSemelsberger,170,75,30,4.99,5.17,0.99,0.2,43,55,0,63,10,4,0,0,0,-333.0,0.0
453,SaidNurmagomedov,135,70,30,4.15,2.2,0.61,0.3,46,61,10,70,16,2,SaidyokubKakhramonov,135,69,27,2.29,0.91,6.07,2.0,54,57,52,80,10,2,1,1,0,-112.0,0.0
454,RafaGarcia,155,70,28,3.26,4.75,3.87,0.4,38,53,42,76,14,3,Maheshate,155,71,23,3.45,3.39,0.0,0.0,31,57,0,0,9,1,1,0,0,-165.0,110.0
455,BryanBattle,170,77,28,7.18,4.53,1.31,0.7,56,41,22,55,9,1,RinatFakhretdinov,170,74,31,3.0,1.2,5.0,0.0,73,45,50,0,19,1,0,0,0,120.0,-160.0
456,DavidDvorak,125,68,30,3.87,3.0,0.0,0.3,43,61,0,81,20,4,ManelKape,125,68,29,4.69,4.59,0.77,0.0,53,51,28,80,17,6,0,0,0,172.0,-250.0
457,SergeyMorozov,135,67,33,3.34,3.36,2.87,0.0,48,57,26,64,18,5,JourneyNewson,135,67,33,3.26,2.62,0.96,0.5,36,64,50,0,10,3,1,0,0,-350.0,235.0
458,SeanStrickland,185,76,32,5.59,4.18,1.09,0.3,40,64,62,85,25,5,NassourdineImavov,185,75,28,4.08,2.43,0.95,2.4,54,62,23,76,12,3,1,0,0,108.0,-140.0
459,PunaheleSoriano,185,11,31,3.95,3.42,1.02,0.0,47,52,57,31,9,2,RomanKopylov,185,75,32,3.44,3.81,0.37,0.0,44,60,33,87,9,2,0,0,1,-162.0,117.0
460,UmarNurmagomedov,135,69,27,4.35,0.37,5.02,1.1,70,85,45,0,15,0,RaoniBarcelos,135,67,36,5.82,4.94,1.71,0.4,52,62,42,93,17,3,1,0,1,-1050.0,550.0
461,JavidBasharat,135,69,28,5.41,2.42,1.7,0.3,56,66,55,87,13,0,MateusMendonca,135,71,24,1.25,5.0,0.0,0.0,75,60,0,0,10,0,1,0,0,-410.0,265.0
462,ClaudioRibeiro,185,77,31,9.6,0.0,0.0,0.0,66,0,0,0,10,2,AbdulRazakAlhassan,185,10,38,3.57,4.06,1.04,0.0,48,56,45,52,11,5,0,0,1,-114.0,-120.0
463,AllanNascimento,125,69,32,3.31,2.38,1.0,0.7,61,50,20,16,19,6,CarlosHernandez,125,67,30,5.37,4.37,1.0,0.5,47,45,11,70,8,1,1,1,0,-425.0,250.0
464,CharlesJohnson,125,70,32,4.23,4.37,0.0,0.0,54,50,0,56,12,3,JimmyFlick,125,68,33,1.99,2.3,1.81,7.2,58,50,50,0,16,5,1,0,1,-375.0,250.0
465,GloverTeixeira,205,76,44,3.8,3.93,2.2,1.0,50,52,37,60,33,8,JamahalHill,205,79,32,6.46,3.51,0.0,0.0,52,45,0,65,11,1,0,0,0,100.0,-145.0
466,DeivesonFigueiredo,125,68,36,3.27,3.53,1.48,1.8,55,52,41,58,21,2,BrandonMoreno,125,70,30,3.58,3.33,1.71,0.6,39,57,44,68,20,6,0,0,1,-125.0,-150.0
467,GilbertBurns,170,10,37,3.46,3.21,2.0,0.6,48,54,34,47,20,5,NeilMagny,170,80,36,3.62,2.27,2.43,0.3,46,54,42,57,27,10,1,1,0,-600.0,275.0
468,PaulCraig,205,76,36,2.47,2.79,1.85,1.7,46,47,20,50,16,5,JohnnyWalker,205,82,31,3.26,2.64,0.43,1.3,59,42,0,58,19,7,0,0,1,145.0,-200.0
469,MauricioRua,205,76,42,3.57,2.77,2.03,0.7,50,54,48,48,27,13,IhorPotieria,205,75,27,4.58,5.89,0.0,0.0,58,42,0,33,19,3,0,0,1,163.0,-225.0
470,GregoryRodrigues,185,75,31,6.19,5.87,2.39,0.6,55,51,50,0,13,4,BrunnoFerreira,185,10,31,0.11,6.32,0.0,0.0,61,50,0,0,9,0,0,0,1,-350.0,245.0
471,ThiagoMoises,155,70,28,2.48,4.02,1.11,1.2,37,56,36,60,16,6,MelquizaelCosta,155,10,27,0.0,0.0,0.0,0.0,0,0,0,0,19,5,1,1,0,-460.0,300.0
472,GabrielBonfim,170,72,26,6.17,4.74,3.56,3.6,38,72,0,0,13,0,MounirLazzez,170,76,36,7.4,5.28,1.84,0.0,54,53,66,71,11,2,1,1,0,-190.0,140.0
473,ShamilAbdurakhimov,235,76,42,2.6,2.8,1.09,0.2,44,58,23,47,20,7,JailtonAlmeida,205,79,32,3.56,0.43,7.18,3.2,57,11,75,50,17,2,0,0,1,650.0,-1350.0
474,LuanLacerda,135,71,30,0.0,0.0,0.0,0.0,0,0,0,0,12,1,CodyStamann,135,64,34,4.19,3.39,2.76,0.0,47,63,42,75,20,5,0,0,0,250.0,-400.0
475,IsmaelBonfim,155,71,28,5.67,3.0,1.0,0.0,53,80,33,0,18,3,TerranceMcKinney,155,10,29,4.7,2.11,5.11,2.0,56,53,50,0,13,4,1,0,1,-110.0,-125.0
476,WarlleyAlves,170,11,32,3.07,3.63,1.42,1.1,48,51,52,78,15,5,NicolasDalby,170,11,39,3.22,3.22,1.22,0.1,39,53,31,65,20,4,0,0,0,-140.0,-150.0
477,SaimonOliveira,135,72,32,2.73,3.1,1.5,2.0,44,54,42,31,18,4,DanielMarcos,135,69,30,5.4,3.0,0.0,0.0,47,73,0,84,13,0,0,0,1,-150.0,100.0
478,DerrickLewis,260,79,38,2.57,2.57,0.6,0.0,50,41,28,55,26,10,SergheiSpivac,260,78,28,3.79,2.96,4.09,0.4,51,55,63,70,15,3,0,1,0,230.0,-310.0
479,MarcinTybura,249,78,38,3.61,3.38,1.42,0.1,49,54,32,79,23,7,BlagoyIvanov,250,11,37,3.44,4.21,0.9,0.1,41,54,40,77,19,4,1,0,0,-152.0,115.0
480,YusakuKinoshita,170,71,23,5.79,3.45,0.0,0.0,61,56,0,0,6,1,AdamFugitt,170,77,34,5.74,7.44,1.35,0.0,56,45,12,0,8,3,0,0,1,-360.0,250.0
481,JekaSaragih,155,69,28,3.45,1.52,2.98,1.0,50,58,0,0,13,2,AnshulJubli,155,69,28,6.47,6.67,0.0,0.0,35,54,0,60,6,0,0,0,1,-170.0,114.0
482,JeongYeongLee,145,10,28,0.77,4.62,0.0,1.5,56,40,0,50,9,1,YiZha,145,70,26,2.5,2.21,7.83,2.6,48,51,75,60,21,3,1,0,0,-265.0,180.0
483,ToshiomiKazama,135,69,26,1.67,1.47,2.0,0.0,62,47,15,66,10,2,RinyaNakamura,135,68,28,7.48,3.3,5.22,2.6,52,62,66,0,6,0,0,0,1,350.0,-625.0
484,TatsuroTaira,125,70,23,3.25,1.15,2.47,3.1,64,56,30,60,12,0,JesusAguilar,125,62,27,2.01,1.17,3.77,1.3,46,66,37,0,8,1,1,1,0,-1800.0,700.0
485,IslamMakhachev,155,10,32,2.37,0.95,3.42,1.3,59,66,65,88,23,1,AlexanderVolkanovski,145,71,35,6.79,3.53,1.71,0.2,57,60,36,73,25,1,1,0,0,-400.0,275.0
486,YairRodriguez,145,11,31,4.67,4.12,0.83,0.7,45,53,28,62,15,3,JoshEmmett,145,70,38,4.28,4.29,1.04,0.1,37,63,40,58,18,2,1,1,0,-195.0,150.0
487,JackDellaMaddalena,170,11,27,8.45,4.22,0.0,0.0,50,67,0,71,13,2,RandyBrown,170,78,33,4.38,3.25,0.69,0.6,48,54,33,71,16,4,1,1,0,-350.0,250.0
488,JustinTafa,264,74,30,5.02,5.94,0.0,0.0,55,49,0,0,5,3,ParkerPorter,265,75,38,6.49,6.32,1.45,0.5,49,52,28,50,13,7,1,0,1,-128.0,-105.0
489,TysonPedro,205,79,32,2.95,2.35,0.64,1.3,64,51,25,52,9,3,ModestasBukauskas,205,78,29,3.59,4.54,0.0,0.0,37,52,0,0,13,5,0,0,0,-250.0,175.0
490,ShannonRoss,125,66,34,7.15,8.43,0.0,0.0,38,54,0,0,13,6,KleydsonRodrigues,125,67,28,5.73,3.07,1.0,1.0,61,48,25,66,7,2,0,0,1,260.0,-400.0
491,JamieMullarkey,155,74,29,4.18,4.88,2.53,0.2,43,53,30,66,15,5,FranciscoPrado,155,10,21,0.0,0.0,0.0,0.0,0,0,0,0,11,0,1,0,0,-333.0,210.0
492,JackJenkins,145,68,30,3.59,1.17,4.14,0.0,73,71,66,0,10,2,DonShainis,145,67,33,6.0,8.0,0.0,0.0,0,0,0,0,12,4,1,0,0,-500.0,310.0
493,ShaneYoung,145,72,30,5.22,5.01,0.8,0.0,40,55,23,56,13,6,BlakeBilder,145,68,33,2.78,3.71,0.0,9.3,52,55,0,0,7,0,0,0,0,-157.0,120.0
494,ZubairaTukhugov,155,68,32,2.94,2.84,2.46,0.0,39,65,43,0,20,5,ElvesBrener,155,10,26,0.0,0.0,0.0,0.0,0,0,0,0,13,3,0,0,0,-704.0,400.0
543,JordanWright,205,77,32,5.67,7.54,3.6,0.7,65,32,50,0,12,4,ZacPauga,205,76,35,5.71,2.14,0.0,0.0,64,70,0,0,6,1,0,0,0,+210,-295
544,JoshParisian,265,79,34,4.97,5.11,1.06,0.3,52,41,30,42,15,5,JamalPogues,205,77,28,3.93,4.1,3.5,0.0,47,54,53,0,9,3,0,0,0,+195,-300
545,WilliamKnight,205,10,35,2.95,2.99,2.07,0.5,59,32,44,48,11,4,MarcinPrachnio,205,74,35,5.84,4.15,0.0,0.0,54,53,0,53,15,6,0,0,0,-142,+110
547,NazimSadykhov,155,10,29,4.42,2.59,0.0,0.0,59,65,0,77,7,1,EvanElder,155,10,26,1.8,5.0,0.0,0.0,45,33,0,33,7,1,1,0,1,-250,+163
548,JamallEmmers,145,10,34,5.73,4.44,2.76,0.4,53,55,53,0,18,6,KhuseinAskhabov,135,69,28,0.0,0.0,0.0,0.0,0,0,0,0,23,0,1,0,0,+130,-190
549,OvinceSaintPreux,205,80,40,2.72,3.09,1.15,0.5,47,45,38,66,26,16,PhilipeLins,205,78,38,3.4,4.25,1.84,0.0,49,43,36,0,15,5,0,0,1,+170,-230
550,AJFletcher,170,10,26,4.04,5.34,2.31,0.9,50,47,41,40,9,2,ThembaGorimbo,170,77,32,0.0,0.0,0.0,0.0,0,0,0,0,10,3,1,1,0,-410,+230
551,ClaytonCarpenter,125,66,27,5.27,3.4,3.0,0.0,51,59,50,0,6,0,JuancamiloRonderos,125,64,28,4.78,3.91,0.0,0.0,34,67,0,0,4,1,1,1,0,-425,+250
552,AndreMuniz,185,78,33,1.91,1.45,3.71,2.1,55,52,40,45,23,4,BrendanAllen,185,75,28,3.99,4.01,1.31,1.5,55,44,44,50,20,5,0,1,0,-250,+175
553,AugustoSakai,265,77,32,4.73,4.07,0.13,0.0,48,48,33,54,15,5,Don'TaleMayes,260,81,31,3.65,3.84,1.11,0.0,45,43,53,57,9,4,1,0,0,-135,-115
554,MikeMalott,170,73,32,5.02,4.19,1.55,0.8,40,54,33,0,8,1,YohanLainesse,170,76,31,2.69,3.66,1.17,0.6,43,60,28,88,9,1,1,1,0,-250,+170
555,ErickGonzalez,155,11,31,3.06,6.65,2.0,0.0,43,41,33,33,14,7,TrevorPeek,155,70,28,7.09,8.53,1.97,0.0,68,32,50,50,7,0,0,0,1,+160,-290
556,JordanLeavitt,155,71,28,2.43,1.88,2.43,1.2,63,54,28,30,10,2,VictorMartinez,155,70,32,9.6,7.53,1.0,0.0,52,55,50,75,13,4,1,0,1,-145,-115
558,JoeSolecki,155,70,30,2.54,1.74,2.44,1.1,56,50,47,50,12,3,CarlDeaton,155,69,34,0.0,0.0,0.0,0.0,0,0,0,0,17,5,1,1,0,-950,+400
559,RafaelAlves,155,68,33,2.46,4.14,0.41,1.2,50,58,25,60,20,11,NurulloAliev,155,10,23,6.52,0.65,3.26,0.0,58,40,20,0,8,0,0,0,0,+150,-200
560,PetrYan,135,67,30,5.31,4.03,1.86,0.2,53,59,56,90,16,4,MerabDvalishvili,135,68,32,4.21,2.31,6.54,0.3,40,58,40,78,15,4,0,0,0,-286,+200
561,AlexanderVolkov,250,80,35,4.88,3.04,0.51,0.1,57,53,70,71,35,10,AlexandrRomanov,262,75,33,3.78,1.86,5.18,1.1,50,48,62,20,16,1,1,0,1,+123,0.0
562,NikitaKrylov,205,77,31,4.45,2.5,2.11,1.2,55,44,35,53,29,9,RyanSpann,205,79,32,3.42,3.42,1.46,1.8,44,48,35,50,21,7,1,1,0,-175,+131
563,SaidNurmagomedov,135,70,31,3.64,2.05,0.52,1.0,45,61,9,63,17,2,JonathanMartinez,135,70,29,4.84,3.88,0.51,0.0,49,58,45,70,17,4,0,0,0,-260,+180
564,VitorPetrino,205,77,26,4.88,2.09,0.0,0.0,50,57,0,66,7,0,AntonTurkalj,205,78,27,1.13,1.85,8.48,0.0,57,48,68,0,8,1,1,0,0,-120,-115
565,KarlWilliams,205,79,33,1.6,0.07,3.0,0.0,55,91,0,0,7,1,LukaszBrzeski,236,78,31,6.86,3.78,1.04,1.0,46,60,66,0,8,2,1,0,0,-260,+175
566,RaphaelAssuncao,135,66,41,3.24,2.41,1.47,0.3,41,67,38,78,28,9,DaveyGrant,135,69,38,4.83,4.02,1.6,0.1,44,56,42,65,14,6,0,1,0,+110,-150
567,SedriquesDumas,185,79,28,2.55,1.28,9.15,9.1,66,66,0,0,7,0,JoshFremd,185,76,29,2.64,2.79,0.72,0.7,50,36,50,26,9,4,0,1,0,-250,+160
568,MarioBautista,135,69,30,5.61,3.92,2.25,1.1,50,54,66,66,11,2,GuidoCannetti,135,68,44,3.58,2.93,2.16,0.4,55,51,52,70,10,7,1,1,0,-1200,+600
569,VictorHenry,135,68,36,7.87,6.47,0.0,0.0,49,47,0,75,22,6,TonyGravely,135,69,32,3.61,3.45,5.83,0.3,48,47,47,52,23,8,1,0,0,-155,+120
570,TysonNam,125,68,40,3.68,5.66,0.0,0.0,32,64,0,0,21,12,BrunoSilva,125,65,33,2.98,3.23,2.89,0.0,46,58,31,64,12,5,0,1,0,+145,-195
571,CarlstonHarris,170,76,36,4.03,2.07,0.0,1.6,45,66,0,75,17,5,JaredGooden,170,77,30,5.16,7.59,0.65,0.0,45,49,0,85,22,8,1,0,0,-400,+240
