,fighter_1,weight_1,reach_1,age_1,slpm_1,sapm_1,td_avg_1,sub_avg_1,strk_acc_1,strk_def_1,td_acc_1,td_def_1,wins_1,losses_1,fighter_2,weight_2,reach_2,age_2,slpm_2,sapm_2,td_avg_2,sub_avg_2,strk_acc_2,strk_def_2,td_acc_2,td_def_2,wins_2,losses_2,result
0,DerrickLewis,260.0,79.0,36,2.59,2.16,0.52,0.0,50.0,44.0,26.0,54.0,25.0,7.0,CirylGane,245.0,81.0,31,5.13,2.6,0.82,0.3,54.0,63.0,21.0,0.0,9.0,0.0,0
1,JoseAldo,135.0,70.0,35,3.45,3.52,0.57,0.1,45.0,61.0,56.0,91.0,29.0,7.0,PedroMunhoz,135.0,65.0,35,5.6,5.87,0.68,0.8,43.0,58.0,21.0,80.0,19.0,5.0,1
2,MichaelChiesa,170.0,75.0,34,1.89,1.71,3.6,0.9,40.0,54.0,52.0,68.0,18.0,4.0,VicenteLuque,170.0,11.0,30,5.74,5.78,0.66,0.9,54.0,52.0,50.0,65.0,20.0,7.0,0
3,TeciaTorres,115.0,60.0,32,4.3,3.37,0.68,0.1,47.0,62.0,15.0,56.0,12.0,5.0,AngelaHill,115.0,64.0,36,5.66,4.98,0.45,0.1,50.0,64.0,36.0,76.0,13.0,9.0,-2
4,SongYadong,135.0,67.0,24,4.35,3.64,0.59,0.4,42.0,57.0,75.0,56.0,16.0,5.0,CaseyKenney,135.0,68.0,30,4.81,4.3,1.1,0.5,42.0,59.0,39.0,59.0,16.0,3.0,1
5,BobbyGreen,155.0,10.0,35,5.17,3.32,1.56,0.3,51.0,63.0,41.0,72.0,27.0,11.0,RafaelFiziev,155.0,71.0,28,4.67,4.17,0.84,0.0,57.0,55.0,50.0,0.0,9.0,1.0,0
6,VinceMorales,145.0,70.0,31,4.22,4.16,0.0,0.0,39.0,53.0,0.0,55.0,9.0,5.0,DrakoRodriguez,135.0,69.0,25,2.57,2.57,2.75,2.8,35.0,26.0,0.0,0.0,7.0,2.0,1
7,AlonzoMenifield,205.0,76.0,34,3.31,3.6,0.39,0.4,48.0,46.0,14.0,85.0,10.0,2.0,EdHerman,205.0,77.0,41,3.32,3.35,2.21,1.2,49.0,43.0,48.0,60.0,27.0,14.0,1
8,KarolinaKowalkiewicz,115.0,64.0,36,5.27,5.65,0.1,0.1,39.0,56.0,12.0,75.0,12.0,6.0,JessicaPenne,115.0,67.0,38,2.4,4.45,1.5,0.6,33.0,48.0,23.0,42.0,13.0,6.0,-2
9,ManelKape,125.0,68.0,28,3.67,4.3,1.0,0.0,45.0,48.0,28.0,80.0,15.0,6.0,OdeOsbourne,145.0,73.0,29,4.3,3.04,1.9,1.9,54.0,42.0,0.0,66.0,9.0,3.0,1
10,MilesJohns,135.0,66.0,27,3.33,2.42,1.21,0.0,48.0,68.0,30.0,87.0,11.0,1.0,AndersonDosSantos,135.0,70.0,36,2.66,4.8,1.3,0.9,28.0,55.0,18.0,66.0,21.0,8.0,1
11,VictoriaLeonardo,125.0,64.0,31,3.4,4.15,2.39,0.0,37.0,47.0,37.0,0.0,8.0,4.0,MelissaGatto,135.0,59.0,25,0.0,0.0,0.0,0.0,0.0,0.0,0.0,0.0,6.0,0.0,-2
12,JohnnyMunoz,145.0,71.0,28,3.27,1.4,2.0,1.0,62.0,58.0,12.0,0.0,10.0,1.0,JameySimmons,145.0,70.0,29,0.52,2.08,0.0,0.0,50.0,50.0,0.0,0.0,7.0,3.0,1
13,JaredCannonier,185.0,11.0,37,3.7,3.09,0.16,0.0,52.0,64.0,33.0,54.0,13.0,5.0,KelvinGastelum,185.0,71.0,30,3.52,3.24,1.16,0.1,42.0,57.0,37.0,62.0,17.0,7.0,1
14,ClayGuida,155.0,70.0,40,2.44,2.57,3.36,0.7,34.0,63.0,38.0,68.0,36.0,17.0,MarkMadsen,155.0,72.0,37,2.28,2.53,8.33,0.0,42.0,46.0,64.0,0.0,10.0,0.0,0
15,ParkerPorter,265.0,75.0,36,7.69,7.36,1.65,1.1,49.0,52.0,60.0,0.0,11.0,6.0,ChaseSherman,250.0,78.0,32,6.0,5.77,0.0,0.0,45.0,52.0,0.0,77.0,15.0,7.0,1
16,TrevinJones,135.0,70.0,31,3.84,6.81,1.17,0.0,61.0,35.0,20.0,0.0,13.0,6.0,SaidyokubKakhramonov,135.0,8.0,26,0.0,0.0,0.0,0.0,0.0,0.0,0.0,0.0,8.0,2.0,0
17,VincPichel,155.0,10.0,39,3.2,2.28,3.83,0.3,46.0,56.0,60.0,20.0,13.0,2.0,AustinHubbard,155.0,10.0,30,3.66,2.61,0.81,0.0,50.0,59.0,66.0,58.0,13.0,5.0,1
18,AlexandrePantoja,125.0,67.0,31,4.3,3.39,0.94,0.9,47.0,53.0,35.0,68.0,23.0,5.0,BrandonRoyval,125.0,68.0,29,3.77,2.88,0.79,2.4,46.0,47.0,0.0,53.0,12.0,5.0,1
19,AustinLingo,145.0,10.0,27,3.57,3.17,1.0,0.0,44.0,62.0,66.0,76.0,8.0,1.0,LuisSaldana,145.0,11.0,30,4.39,1.79,0.0,0.6,51.0,64.0,0.0,42.0,15.0,6.0,1
20,BrianKelleher,135.0,66.0,35,3.92,5.47,1.0,0.7,39.0,53.0,25.0,59.0,22.0,12.0,DomingoPilarte,135.0,73.0,31,2.04,3.69,2.0,1.3,50.0,42.0,42.0,75.0,8.0,2.0,1
21,BeaMalecki,135.0,74.0,30,6.78,6.14,0.0,1.4,46.0,62.0,0.0,78.0,4.0,0.0,JosianeNunes,135.0,67.0,28,0.0,0.0,0.0,0.0,0.0,0.0,0.0,0.0,7.0,1.0,-2
22,WilliamKnight,205.0,10.0,33,3.56,2.56,2.56,0.3,74.0,34.0,53.0,40.0,9.0,2.0,FabioCherant,205.0,95.0,27,1.0,6.73,0.0,0.0,30.0,31.0,0.0,0.0,7.0,2.0,1
23,RooseveltRoberts,155.0,73.0,27,3.03,2.27,1.75,1.1,49.0,52.0,53.0,58.0,10.0,2.0,IgnacioBahamondes,155.0,75.0,24,7.91,6.4,0.0,0.0,41.0,51.0,0.0,0.0,11.0,4.0,0
24,SashaPalatnikov,170.0,72.0,32,7.58,6.15,0.82,0.0,52.0,52.0,0.0,80.0,6.0,3.0,RamizBrahimaj,170.0,10.0,29,3.73,6.14,0.0,0.0,36.0,55.0,0.0,0.0,8.0,3.0,0
25,EdsonBarboza,145.0,11.0,35,4.16,4.15,0.42,0.1,44.0,59.0,44.0,78.0,22.0,9.0,GigaChikadze,145.0,74.0,33,3.55,2.67,0.38,0.0,44.0,60.0,33.0,68.0,13.0,2.0,0
26,BryanBattle,185.0,77.0,27,0.0,0.0,0.0,0.0,0.0,0.0,0.0,0.0,6.0,1.0,GilbertUrbina,185.0,60.0,25,0.0,0.0,0.0,0.0,0.0,0.0,0.0,0.0,6.0,2.0,1
27,RickyTurcios,135.0,71.0,28,7.33,4.07,0.0,0.0,37.0,64.0,0.0,0.0,11.0,2.0,BradyHiestand,135.0,71.0,22,0.0,0.0,0.0,0.0,0.0,0.0,0.0,0.0,6.0,1.0,1
28,KevinLee,170.0,77.0,29,3.9,3.23,3.21,0.8,42.0,51.0,43.0,75.0,18.0,6.0,DanielRodriguez,170.0,74.0,35,8.07,5.71,1.0,0.2,48.0,56.0,55.0,83.0,15.0,2.0,0
29,AndrePetroski,185.0,73.0,30,0.0,0.0,0.0,0.0,0.0,0.0,0.0,0.0,5.0,2.0,MichealGillmore,185.0,11.0,34,0.0,0.0,0.0,0.0,0.0,0.0,0.0,0.0,6.0,3.0,1
30,MakhmudMuradov,185.0,75.0,31,5.32,2.92,0.36,0.4,42.0,64.0,16.0,0.0,25.0,6.0,GeraldMeerschaert,185.0,77.0,34,3.31,3.6,2.28,1.8,43.0,51.0,43.0,43.0,32.0,14.0,0
31,AlessioDiChirico,185.0,74.0,32,3.3,3.24,1.62,0.0,41.0,62.0,45.0,83.0,13.0,5.0,AbdulRazakAlhassan,185.0,10.0,36,3.71,4.24,0.53,0.0,47.0,53.0,28.0,55.0,10.0,4.0,0
32,SamAlvey,205.0,75.0,35,3.2,3.44,0.07,0.1,43.0,54.0,16.0,82.0,33.0,15.0,WellingtonTurman,185.0,72.0,25,2.44,3.75,2.31,0.8,42.0,43.0,22.0,0.0,16.0,5.0,0
33,DustinJacoby,205.0,76.0,33,4.03,3.27,0.36,0.0,48.0,59.0,50.0,61.0,14.0,5.0,DarrenStewart,185.0,74.0,31,2.98,3.07,1.56,0.1,45.0,49.0,41.0,67.0,12.0,7.0,1
34,JJAldrich,125.0,67.0,29,3.76,4.55,0.8,0.0,41.0,61.0,40.0,57.0,9.0,4.0,VanessaDemopoulos,125.0,59.0,33,1.6,3.13,0.0,2.0,41.0,50.0,0.0,0.0,6.0,3.0,-2
35,JamallEmmers,145.0,10.0,32,5.75,4.65,2.9,0.0,52.0,54.0,53.0,0.0,18.0,5.0,PatSabatini,145.0,70.0,31,1.73,1.27,1.0,1.0,57.0,62.0,20.0,0.0,14.0,3.0,0
36,ManaMartinez,135.0,10.0,25,2.11,1.27,0.0,6.3,62.0,50.0,0.0,0.0,8.0,2.0,GuidoCannetti,135.0,68.0,42,2.85,2.17,2.64,0.3,51.0,50.0,50.0,75.0,8.0,6.0,1
37,DerekBrunson,185.0,77.0,37,3.46,2.72,3.11,0.5,47.0,53.0,33.0,94.0,22.0,7.0,DarrenTill,185.0,74.0,29,2.27,2.99,0.54,0.0,46.0,58.0,41.0,82.0,18.0,3.0,1
38,TomAspinall,256.0,78.0,28,7.43,3.06,3.54,1.8,66.0,65.0,0.0,0.0,10.0,2.0,SergheiSpivac,260.0,78.0,26,3.85,3.1,2.83,0.2,50.0,56.0,63.0,70.0,13.0,2.0,1
39,AlexMorono,170.0,11.0,31,5.05,3.69,0.43,0.4,42.0,56.0,25.0,52.0,19.0,7.0,DavidZawada,170.0,75.0,31,3.24,4.07,0.96,2.2,40.0,54.0,30.0,57.0,17.0,6.0,1
40,ModestasBukauskas,205.0,78.0,27,3.77,4.36,0.0,0.0,35.0,50.0,0.0,0.0,11.0,4.0,KhalilRountreeJr.,205.0,76.0,31,3.06,3.63,0.0,0.2,38.0,49.0,0.0,50.0,9.0,5.0,0
41,PaddyPimblett,155.0,10.0,26,0.0,0.0,0.0,0.0,0.0,0.0,0.0,0.0,16.0,3.0,LuigiVendramini,155.0,73.0,25,2.26,2.49,0.67,0.7,37.0,65.0,8.0,0.0,9.0,2.0,1
42,MollyMcCann,125.0,62.0,31,5.15,4.28,1.64,0.7,50.0,65.0,29.0,28.0,10.0,4.0,JiYeonKim,125.0,72.0,32,4.5,4.94,0.0,0.0,34.0,57.0,0.0,42.0,9.0,3.0,-2
43,JackShore,135.0,71.0,26,3.14,1.61,5.52,0.8,57.0,56.0,46.0,0.0,14.0,0.0,LiudvikSholinian,135.0,10.0,31,0.0,0.0,0.0,0.0,0.0,0.0,0.0,0.0,9.0,2.0,1
44,JulianErosa,145.0,74.0,32,5.1,5.78,1.29,0.9,47.0,50.0,54.0,58.0,25.0,10.0,CharlesJourdain,145.0,69.0,26,4.79,4.11,0.0,0.7,45.0,61.0,0.0,47.0,11.0,3.0,1
45,DalchaLungiambula,185.0,76.0,34,1.85,2.27,2.07,0.0,50.0,43.0,50.0,75.0,11.0,2.0,Marc-AndreBarriault,185.0,74.0,31,5.36,4.79,0.43,0.0,48.0,55.0,25.0,72.0,12.0,4.0,0
46,JonathanMartinez,135.0,70.0,27,4.27,3.81,0.48,0.0,46.0,58.0,37.0,63.0,13.0,4.0,MarceloRojo,135.0,71.0,33,5.1,7.3,1.03,0.0,36.0,51.0,50.0,0.0,16.0,8.0,-2
47,AnthonySmith,205.0,76.0,33,3.0,4.36,0.47,0.7,47.0,42.0,28.0,47.0,35.0,16.0,RyanSpann,205.0,79.0,30,3.55,3.45,1.72,1.7,45.0,47.0,41.0,60.0,19.0,6.0,1
48,IonCutelaba,205.0,75.0,28,5.03,3.8,3.69,0.0,40.0,47.0,57.0,78.0,15.0,6.0,DevinClark,205.0,75.0,31,3.33,2.43,2.7,0.1,57.0,48.0,36.0,76.0,12.0,5.0,1
49,ArianeLipski,125.0,67.0,27,2.76,4.25,0.23,0.5,33.0,48.0,25.0,42.0,13.0,7.0,MandyBohm,125.0,71.0,32,0.0,0.0,0.0,0.0,0.0,0.0,0.0,0.0,7.0,0.0,-2
50,ArmanTsarukyan,155.0,72.0,25,3.35,1.43,3.5,0.0,44.0,62.0,35.0,78.0,16.0,2.0,ChristosGiagos,155.0,10.0,31,2.93,2.77,3.38,0.5,41.0,50.0,41.0,50.0,19.0,8.0,1
51,NateManess,135.0,10.0,30,2.4,4.63,1.33,0.7,45.0,45.0,66.0,88.0,13.0,1.0,TonyGravely,135.0,69.0,30,4.01,3.11,6.11,0.6,54.0,45.0,54.0,52.0,21.0,6.0,1
52,JoaquinBuckley,185.0,10.0,27,4.58,5.46,0.6,0.0,36.0,51.0,16.0,0.0,12.0,4.0,AntonioArroyo,185.0,73.0,32,3.08,1.72,1.4,0.3,70.0,44.0,41.0,32.0,9.0,4.0,1
53,MikeRodriguez,205.0,82.0,33,4.61,3.39,0.0,0.0,59.0,40.0,0.0,41.0,11.0,6.0,TafonNchukwi,205.0,77.0,27,6.08,4.48,0.41,0.0,51.0,51.0,25.0,66.0,5.0,1.0,0
54,PannieKianzad,135.0,66.0,30,5.71,4.56,0.18,0.2,49.0,54.0,14.0,78.0,16.0,5.0,RaquelPennington,135.0,67.0,33,3.62,3.2,1.12,0.7,48.0,63.0,28.0,65.0,11.0,9.0,-2
55,ZhuRong,155.0,71.0,21,2.8,6.4,3.0,0.0,40.0,45.0,75.0,0.0,17.0,4.0,BrandonJenkins,155.0,71.0,30,0.0,0.0,0.0,0.0,0.0,0.0,0.0,0.0,15.0,7.0,1
56,MontelJackson,135.0,10.0,29,3.77,1.5,4.15,0.2,55.0,56.0,77.0,66.0,10.0,2.0,JPBuys,135.0,67.0,25,2.66,3.05,2.22,2.2,45.0,43.0,50.0,33.0,9.0,3.0,1
57,ErinBlanchfield,135.0,66.0,22,0.0,0.0,0.0,0.0,0.0,0.0,0.0,0.0,6.0,1.0,SarahAlpar,135.0,63.0,30,2.11,4.76,2.69,0.7,54.0,32.0,28.0,50.0,9.0,5.0,-2
58,ImpaKasanganay,170.0,11.0,27,5.08,3.41,1.83,0.3,49.0,59.0,58.0,63.0,9.0,1.0,CarlstonHarris,170.0,76.0,34,1.74,0.35,0.0,5.2,38.0,90.0,0.0,0.0,16.0,4.0,0
59,GustavoLopez,135.0,67.0,32,2.24,4.65,1.07,0.5,41.0,51.0,50.0,27.0,12.0,6.0,Alatengheili,135.0,66.0,30,2.87,5.82,2.33,0.0,32.0,57.0,35.0,0.0,14.0,8.0,-2
60,EmilyWhitmire,125.0,63.0,30,2.71,3.08,1.1,0.6,30.0,54.0,50.0,70.0,4.0,4.0,HannahGoldy,125.0,61.0,29,6.4,5.2,0.67,0.0,47.0,50.0,33.0,66.0,5.0,2.0,-2
61,AlexanderVolkanovski,145.0,71.0,33,6.02,3.31,2.09,0.3,55.0,60.0,34.0,72.0,22.0,1.0,BrianOrtega,145.0,69.0,30,4.29,6.28,0.8,1.1,38.0,52.0,21.0,56.0,15.0,1.0,1
62,ValentinaShevchenko,125.0,66.0,33,3.02,1.99,2.64,0.4,51.0,62.0,63.0,77.0,21.0,3.0,LaurenMurphy,125.0,67.0,38,3.95,4.25,1.16,0.1,40.0,61.0,34.0,70.0,15.0,4.0,-2
63,NickDiaz,170.0,76.0,38,5.43,3.56,1.32,1.0,42.0,61.0,33.0,60.0,26.0,9.0,RobbieLawler,170.0,11.0,39,3.5,4.16,0.68,0.0,45.0,60.0,64.0,64.0,28.0,15.0,0
64,CurtisBlaydes,265.0,80.0,30,3.59,1.7,6.64,0.0,53.0,57.0,54.0,33.0,14.0,3.0,JairzinhoRozenstruik,242.0,78.0,33,3.15,3.27,0.0,0.0,49.0,40.0,0.0,80.0,12.0,2.0,1
65,JessicaAndrade,125.0,62.0,30,6.15,5.2,2.97,0.4,50.0,52.0,55.0,66.0,21.0,9.0,CynthiaCalvillo,125.0,64.0,34,4.18,3.52,1.85,1.1,41.0,67.0,44.0,71.0,9.0,2.0,-2
66,MarlonMoraes,135.0,67.0,33,3.38,4.11,1.0,0.4,39.0,56.0,41.0,66.0,23.0,8.0,MerabDvalishvili,135.0,68.0,30,4.02,2.22,7.38,0.4,39.0,61.0,43.0,78.0,13.0,4.0,0
67,DanHooker,155.0,75.0,31,4.95,4.92,0.72,0.3,48.0,51.0,34.0,79.0,20.0,10.0,NasratHaqparast,155.0,10.0,26,5.81,3.23,0.18,0.0,47.0,74.0,16.0,84.0,13.0,3.0,1
68,ShamilAbdurakhimov,235.0,76.0,40,2.45,2.45,1.23,0.2,44.0,58.0,24.0,47.0,20.0,5.0,ChrisDaukaus,250.0,76.0,32,1.78,3.22,0.0,0.0,61.0,65.0,0.0,0.0,11.0,3.0,0
69,RoxanneModafferi,125.0,69.0,39,3.13,5.03,1.42,0.1,30.0,53.0,23.0,30.0,25.0,19.0,TailaSantos,125.0,68.0,28,3.52,2.22,2.0,1.0,48.0,59.0,80.0,85.0,17.0,1.0,-2
70,UrosMedic,155.0,71.0,28,9.91,0.52,0.0,0.0,77.0,86.0,0.0,0.0,7.0,0.0,JalinTurner,155.0,77.0,26,6.2,4.37,0.71,1.8,47.0,45.0,66.0,78.0,10.0,5.0,0
71,CodyBrundage,185.0,72.0,27,7.97,6.29,6.29,0.0,82.0,6.0,33.0,0.0,5.0,1.0,NickMaximov,185.0,76.0,24,2.47,0.33,2.0,0.0,58.0,58.0,40.0,0.0,6.0,0.0,0
72,MatthewSemelsberger,170.0,75.0,29,6.11,5.68,0.99,0.5,48.0,61.0,0.0,0.0,8.0,3.0,MartinSano,170.0,11.0,30,0.0,0.0,0.0,0.0,0.0,0.0,0.0,0.0,4.0,2.0,1
73,JonathanPearce,145.0,71.0,29,8.8,6.65,5.91,0.7,55.0,46.0,60.0,75.0,10.0,4.0,OmarMorales,145.0,11.0,36,3.66,3.01,0.68,0.0,37.0,63.0,0.0,87.0,11.0,1.0,1
74,ThiagoSantos,205.0,76.0,37,4.27,2.33,0.7,0.1,48.0,55.0,38.0,66.0,21.0,9.0,JohnnyWalker,205.0,82.0,29,4.41,3.51,0.4,1.2,72.0,31.0,0.0,60.0,18.0,5.0,1
75,KevinHolland,185.0,81.0,29,3.74,2.33,0.92,0.6,54.0,56.0,45.0,47.0,21.0,7.0,KyleDaukaus,185.0,76.0,28,3.23,2.72,1.75,1.2,53.0,39.0,29.0,85.0,10.0,2.0,-2
76,AlexOliveira,170.0,11.0,33,2.86,2.23,2.37,0.6,50.0,48.0,37.0,63.0,22.0,10.0,NikoPrice,170.0,76.0,32,5.29,5.87,0.75,0.9,41.0,48.0,20.0,66.0,14.0,5.0,0
77,MishaCirkunov,205.0,77.0,34,4.18,3.22,4.28,2.3,51.0,60.0,57.0,71.0,15.0,6.0,KrzysztofJotko,185.0,77.0,32,2.94,2.2,1.16,0.1,41.0,57.0,34.0,87.0,22.0,5.0,0
78,AspenLadd,135.0,66.0,26,5.22,4.84,2.45,1.2,55.0,46.0,75.0,66.0,9.0,1.0,MacyChiasson,135.0,11.0,30,4.16,2.17,0.98,0.5,49.0,46.0,21.0,64.0,8.0,1.0,-2
79,AlexanderHernandez,155.0,72.0,29,3.57,3.81,1.6,0.0,35.0,59.0,38.0,62.0,12.0,4.0,MikeBreeden,155.0,10.0,32,4.0,5.87,0.0,0.0,34.0,47.0,0.0,77.0,10.0,3.0,1
80,JoeSolecki,155.0,70.0,28,2.68,0.85,2.39,0.8,66.0,58.0,50.0,0.0,11.0,2.0,JaredGordon,145.0,68.0,33,5.54,3.22,2.81,0.0,56.0,60.0,39.0,55.0,17.0,4.0,0
81,AntoninaShevchenko,125.0,67.0,37,3.87,2.77,0.57,0.6,56.0,50.0,60.0,50.0,9.0,3.0,CaseyO'Neill,125.0,69.0,24,5.56,2.64,3.47,2.1,60.0,38.0,62.0,60.0,7.0,0.0,-2
82,BetheCorreia,135.0,64.0,38,4.39,4.56,0.44,0.0,44.0,58.0,20.0,84.0,11.0,5.0,KarolRosa,135.0,67.0,27,7.73,5.51,2.0,0.0,52.0,48.0,60.0,90.0,14.0,3.0,-2
83,DevonteSmith,155.0,76.0,28,5.64,2.65,0.74,0.7,55.0,59.0,0.0,0.0,11.0,2.0,JamieMullarkey,155.0,74.0,27,2.02,4.65,3.9,0.5,34.0,43.0,30.0,66.0,13.0,4.0,0
84,DouglasSilvadeAndrade,145.0,68.0,36,3.77,4.26,0.7,0.0,38.0,58.0,50.0,66.0,26.0,4.0,GaetanoPirrello,135.0,68.0,29,0.67,1.89,0.0,0.0,42.0,46.0,0.0,30.0,15.0,6.0,1
85,StephanieEgger,135.0,68.0,33,0.67,1.33,1.0,0.0,31.0,52.0,16.0,40.0,5.0,2.0,ShannaYoung,135.0,65.0,30,3.05,5.28,0.0,0.0,57.0,45.0,0.0,54.0,8.0,4.0,-2
86,AlejandroPerez,145.0,67.0,32,3.52,2.94,0.52,0.1,35.0,64.0,20.0,73.0,22.0,8.0,JohnnyEduardo,135.0,71.0,43,2.89,3.34,0.0,0.5,38.0,63.0,0.0,62.0,28.0,12.0,1
87,MackenzieDern,115.0,63.0,28,3.64,3.57,0.51,2.3,38.0,61.0,10.0,0.0,11.0,1.0,MarinaRodriguez,115.0,65.0,34,4.89,3.24,0.28,0.1,48.0,54.0,33.0,62.0,14.0,1.0,-2
88,RandyBrown,170.0,78.0,31,3.72,2.79,0.98,0.7,47.0,53.0,46.0,71.0,13.0,4.0,JaredGooden,170.0,77.0,28,5.04,7.55,0.96,0.0,42.0,49.0,0.0,83.0,18.0,6.0,1
89,TimElliott,125.0,66.0,35,3.35,2.49,4.01,1.1,45.0,59.0,49.0,58.0,18.0,11.0,MatheusNicolau,125.0,66.0,28,3.79,2.83,1.93,1.4,52.0,67.0,44.0,0.0,16.0,3.0,0
90,SabinaMazo,125.0,70.0,24,6.56,3.91,0.81,0.2,44.0,60.0,80.0,66.0,9.0,2.0,MariyaAgapova,125.0,68.0,24,3.7,4.15,1.23,0.6,50.0,47.0,66.0,33.0,9.0,2.0,-2
91,ChrisGutierrez,145.0,67.0,30,4.3,2.45,0.57,0.2,57.0,59.0,60.0,73.0,16.0,3.0,FelipeColares,135.0,69.0,27,2.15,4.22,2.0,0.8,51.0,38.0,23.0,38.0,10.0,2.0,1
92,AlexandrRomanov,262.0,75.0,31,3.68,1.47,4.75,1.8,44.0,43.0,61.0,20.0,14.0,0.0,JaredVanderaa,260.0,80.0,29,5.59,5.05,0.53,0.0,49.0,43.0,0.0,0.0,12.0,5.0,1
93,CharlesRosa,145.0,69.0,35,3.14,3.69,1.78,1.1,36.0,48.0,35.0,37.0,14.0,5.0,DamonJackson,145.0,11.0,33,2.46,3.63,1.14,2.7,35.0,45.0,20.0,35.0,18.0,4.0,0
94,LoopyGodinez,115.0,61.0,28,2.67,2.07,3.0,0.0,54.0,64.0,33.0,85.0,5.0,1.0,SilvanaGomezJuarez,115.0,65.0,37,0.0,0.0,0.0,0.0,0.0,0.0,0.0,0.0,10.0,2.0,-2
95,SteveGarcia,155.0,75.0,29,4.31,2.52,0.61,0.6,55.0,36.0,25.0,0.0,11.0,4.0,CharlieOntiveros,185.0,78.0,30,0.33,4.18,0.0,0.0,40.0,19.0,0.0,0.0,11.0,7.0,1
96,AspenLadd,145.0,66.0,26,5.22,4.84,2.45,1.2,55.0,46.0,75.0,66.0,9.0,1.0,NormaDumont,145.0,67.0,31,4.98,2.86,1.79,0.0,53.0,67.0,40.0,0.0,6.0,1.0,-2
97,AndreiArlovski,240.0,77.0,42,3.62,2.95,0.45,0.2,44.0,57.0,36.0,78.0,31.0,20.0,CarlosFelipe,245.0,75.0,26,4.88,5.62,0.0,0.0,46.0,50.0,0.0,72.0,11.0,1.0,1
98,JimMiller,155.0,71.0,38,2.65,2.92,1.63,1.8,40.0,59.0,43.0,47.0,32.0,16.0,ErickGonzalez,155.0,11.0,29,0.0,0.0,0.0,0.0,0.0,0.0,0.0,0.0,14.0,5.0,1
99,ManonFiorot,125.0,65.0,31,8.0,1.98,1.75,0.0,50.0,80.0,0.0,0.0,7.0,1.0,MayraBuenoSilva,125.0,66.0,30,4.06,4.89,0.0,1.6,57.0,47.0,0.0,73.0,7.0,1.0,-2
100,JulianMarquez,185.0,72.0,31,4.2,3.13,0.0,3.2,45.0,55.0,0.0,53.0,9.0,2.0,JordanWright,185.0,77.0,30,7.13,7.49,0.0,0.0,60.0,39.0,0.0,0.0,12.0,1.0,-2
101,AndrewSanchez,185.0,74.0,33,4.48,5.05,1.92,0.0,42.0,51.0,31.0,0.0,13.0,6.0,BrunoSilva,185.0,74.0,32,4.0,0.21,0.0,0.0,73.0,0.0,0.0,0.0,20.0,6.0,0
102,DannyRoberts,170.0,74.0,34,3.41,3.08,0.18,0.4,44.0,55.0,6.0,53.0,17.0,5.0,RamazanEmeev,170.0,10.0,34,2.5,1.98,2.33,0.5,45.0,66.0,29.0,66.0,20.0,4.0,1
103,LoopyGodinez,125.0,61.0,28,2.65,1.77,6.24,0.8,58.0,66.0,53.0,85.0,6.0,1.0,LuanaCarolina,125.0,69.0,28,4.8,3.27,0.0,1.6,51.0,46.0,0.0,90.0,7.0,2.0,-2
104,NateLandwehr,145.0,72.0,33,7.02,7.67,0.0,0.0,50.0,51.0,0.0,85.0,14.0,4.0,LudovitKlein,145.0,72.0,26,3.32,3.69,3.69,0.0,54.0,45.0,57.0,0.0,17.0,3.0,1
105,DanaaBatgerel,135.0,70.0,32,5.78,2.65,0.0,0.0,39.0,58.0,0.0,57.0,9.0,2.0,BrandonDavis,135.0,10.0,31,4.65,4.33,0.71,0.1,35.0,60.0,45.0,56.0,10.0,8.0,1
106,IstelaNunes,115.0,66.0,29,0.0,0.0,0.0,0.0,0.0,0.0,0.0,0.0,7.0,1.0,ArianeCarnelossi,115.0,61.0,29,5.22,6.03,0.0,0.0,44.0,47.0,0.0,25.0,13.0,2.0,-2
107,PauloCosta,205.0,72.0,30,7.03,6.7,0.0,0.0,57.0,50.0,0.0,80.0,13.0,1.0,MarvinVettori,205.0,74.0,28,3.88,3.04,2.24,0.7,43.0,63.0,47.0,78.0,17.0,5.0,0
108,GrantDawson,155.0,10.0,27,3.4,2.1,3.44,1.6,48.0,51.0,34.0,40.0,17.0,1.0,RickyGlenn,155.0,70.0,32,4.39,4.27,0.66,0.3,42.0,53.0,13.0,66.0,22.0,6.0,-2
109,Jessica-RoseClark,135.0,64.0,34,4.68,3.98,1.01,0.4,51.0,60.0,55.0,73.0,10.0,6.0,JoselyneEdwards,135.0,70.0,26,4.2,3.83,0.5,0.5,53.0,46.0,16.0,37.0,10.0,3.0,-2
110,AlexCaceres,145.0,10.0,33,4.1,2.82,0.57,0.8,50.0,65.0,78.0,64.0,18.0,12.0,SeungWooChoi,145.0,74.0,29,3.31,2.55,1.0,0.0,41.0,46.0,57.0,66.0,10.0,3.0,1
111,FranciscoTrinaldo,170.0,70.0,43,3.08,2.64,1.03,0.5,43.0,59.0,45.0,60.0,26.0,8.0,DwightGrant,170.0,76.0,37,3.36,2.17,0.5,0.0,36.0,64.0,0.0,71.0,11.0,3.0,1
112,NicolaeNegumereanu,205.0,78.0,27,2.73,5.73,0.5,0.0,37.0,26.0,20.0,57.0,10.0,1.0,IkeVillanueva,205.0,73.0,37,4.28,7.88,0.79,0.0,41.0,36.0,0.0,0.0,18.0,12.0,1
113,JunyongPark,185.0,10.0,30,4.37,3.17,3.02,0.6,47.0,58.0,57.0,46.0,13.0,4.0,GregoryRodrigues,185.0,75.0,29,4.91,3.18,2.6,0.0,48.0,65.0,50.0,0.0,10.0,3.0,0
114,MasonJones,155.0,10.0,26,7.33,5.31,2.02,0.0,40.0,50.0,42.0,76.0,10.0,1.0,DavidOnama,155.0,11.0,27,0.0,0.0,0.0,0.0,0.0,0.0,0.0,0.0,8.0,0.0,1
115,TabathaRicci,115.0,61.0,26,2.13,0.5,0.0,0.0,18.0,51.0,0.0,0.0,5.0,1.0,MariaOliveira,115.0,69.0,25,2.62,1.48,0.0,0.0,42.0,23.0,0.0,0.0,12.0,4.0,-2
116,JamiePickett,185.0,80.0,33,2.87,5.35,1.44,0.4,55.0,44.0,40.0,37.0,11.0,6.0,LaureanoStaropoli,185.0,71.0,28,3.64,3.85,0.8,0.0,33.0,54.0,40.0,52.0,9.0,4.0,1
117,KhamaWorthy,155.0,11.0,35,4.22,3.86,0.0,0.8,47.0,46.0,0.0,57.0,16.0,8.0,JaiHerbert,155.0,77.0,33,1.33,2.66,0.0,0.0,29.0,43.0,0.0,30.0,10.0,3.0,0
118,JeffMolina,125.0,69.0,24,8.83,6.63,0.0,0.0,47.0,55.0,0.0,16.0,9.0,2.0,DanielDaSilva,125.0,70.0,25,0.0,0.0,0.0,0.0,0.0,0.0,0.0,0.0,11.0,1.0,1
119,LivinhaSouza,115.0,63.0,30,2.06,3.38,2.4,1.2,45.0,62.0,44.0,40.0,14.0,3.0,RandaMarkos,115.0,63.0,36,2.87,3.27,1.2,0.2,42.0,58.0,28.0,52.0,10.0,12.0,-2
120,JonathanMartinez,135.0,70.0,27,4.27,3.81,0.48,0.0,46.0,58.0,37.0,63.0,13.0,4.0,ZviadLazishvili,135.0,69.0,30,0.0,0.0,0.0,0.0,0.0,0.0,0.0,0.0,13.0,0.0,1
121,JanBlachowicz,205.0,78.0,38,3.59,2.79,1.18,0.2,49.0,53.0,53.0,65.0,28.0,8.0,GloverTeixeira,205.0,76.0,42,3.75,3.84,2.04,1.0,47.0,54.0,40.0,60.0,32.0,7.0,0
122,PetrYan,135.0,67.0,28,5.99,3.55,2.14,0.1,52.0,62.0,66.0,90.0,15.0,2.0,CorySandhagen,135.0,11.0,29,6.32,4.05,0.74,0.6,47.0,59.0,44.0,65.0,14.0,3.0,1
123,IslamMakhachev,155.0,10.0,30,2.24,0.77,3.31,1.0,58.0,70.0,65.0,88.0,20.0,1.0,DanHooker,155.0,75.0,31,4.95,4.66,0.91,0.2,48.0,52.0,36.0,80.0,21.0,10.0,1
124,AlexanderVolkov,250.0,80.0,33,4.84,2.88,0.57,0.2,57.0,54.0,70.0,67.0,33.0,9.0,MarcinTybura,249.0,78.0,36,3.63,3.31,1.67,0.1,50.0,55.0,45.0,82.0,22.0,6.0,1
125,LiJingliang,170.0,71.0,33,4.52,3.65,1.28,0.0,42.0,59.0,39.0,59.0,18.0,6.0,KhamzatChimaev,170.0,75.0,27,9.03,0.1,4.67,3.1,72.0,66.0,75.0,0.0,9.0,0.0,0
126,MagomedAnkalaev,205.0,75.0,29,3.41,1.78,1.18,0.0,53.0,65.0,33.0,85.0,15.0,1.0,VolkanOezdemir,205.0,75.0,32,5.03,4.24,0.36,0.0,45.0,55.0,20.0,80.0,17.0,5.0,1
127,AmandaRibas,125.0,66.0,28,4.25,1.78,2.31,1.6,44.0,71.0,58.0,85.0,10.0,2.0,VirnaJandiroba,115.0,64.0,33,2.65,2.92,2.5,1.9,46.0,53.0,53.0,75.0,17.0,2.0,-2
128,RicardoRamos,145.0,72.0,26,3.1,3.6,3.08,0.7,41.0,57.0,58.0,73.0,15.0,3.0,ZubairaTukhugov,145.0,68.0,30,2.54,2.53,2.54,0.0,38.0,63.0,46.0,0.0,19.0,5.0,0
129,AlbertDuraev,185.0,11.0,32,0.57,0.29,4.31,4.3,66.0,83.0,0.0,0.0,14.0,3.0,RomanKopylov,185.0,75.0,30,2.64,3.07,0.0,0.0,38.0,63.0,0.0,66.0,8.0,1.0,1
130,ElizeuZaleskidosSantos,170.0,11.0,35,4.05,3.07,0.57,0.5,39.0,59.0,17.0,52.0,22.0,7.0,BenoitSaintDenis,170.0,11.0,26,0.0,0.0,0.0,0.0,0.0,0.0,0.0,0.0,8.0,0.0,1
131,ShamilGamzatov,205.0,76.0,31,4.27,2.13,0.0,0.0,46.0,58.0,0.0,50.0,14.0,0.0,MichalOleksiejczuk,205.0,74.0,26,4.45,3.24,0.69,0.0,52.0,67.0,40.0,40.0,15.0,4.0,0
132,MakwanAmirkhani,145.0,10.0,33,1.4,2.52,3.61,1.1,43.0,52.0,40.0,57.0,16.0,6.0,LeroneMurphy,145.0,73.0,30,2.86,2.07,0.87,0.9,42.0,63.0,33.0,41.0,10.0,0.0,0
133,HuYaozong,185.0,72.0,26,4.43,5.23,0.0,0.7,52.0,38.0,0.0,0.0,3.0,2.0,AndrePetroski,185.0,73.0,30,3.48,2.35,4.55,1.1,57.0,40.0,44.0,0.0,6.0,2.0,0
134,TagirUlanbekov,125.0,70.0,30,3.07,3.13,5.0,0.0,37.0,58.0,45.0,50.0,13.0,1.0,AllanNascimento,125.0,69.0,30,7.0,5.4,1.0,0.0,68.0,44.0,10.0,0.0,17.0,5.0,1
135,KamaruUsman,170.0,76.0,34,4.63,2.4,3.27,0.1,54.0,57.0,48.0,0.0,19.0,1.0,ColbyCovington,170.0,11.0,33,4.12,2.86,4.61,0.1,38.0,55.0,50.0,75.0,16.0,2.0,1
136,RoseNamajunas,115.0,65.0,29,4.13,3.99,1.89,0.8,40.0,60.0,53.0,50.0,11.0,4.0,ZhangWeili,115.0,63.0,32,6.36,4.42,1.24,0.5,45.0,53.0,23.0,0.0,21.0,2.0,-2
137,FrankieEdgar,135.0,68.0,40,3.7,2.71,2.28,0.3,39.0,66.0,31.0,65.0,23.0,9.0,MarlonVera,135.0,70.0,29,3.91,4.08,0.88,1.3,50.0,51.0,42.0,69.0,17.0,7.0,0
138,ShaneBurgos,145.0,11.0,30,7.29,6.11,0.27,0.1,49.0,58.0,0.0,89.0,13.0,3.0,BillyQuarantillo,145.0,10.0,33,7.08,4.33,1.66,1.7,64.0,43.0,34.0,57.0,16.0,3.0,1
139,JustinGaethje,155.0,11.0,33,7.46,7.99,0.0,0.0,59.0,55.0,0.0,69.0,22.0,3.0,MichaelChandler,155.0,71.0,35,4.49,3.87,2.03,1.6,50.0,49.0,41.0,71.0,22.0,6.0,1
140,AlexPereira,185.0,79.0,34,0.0,0.0,0.0,0.0,0.0,0.0,0.0,0.0,3.0,1.0,AndreasMichailidis,185.0,76.0,33,4.8,4.4,0.75,0.0,52.0,51.0,50.0,0.0,13.0,4.0,1
141,AlIaquinta,155.0,10.0,34,4.06,4.44,0.64,0.2,40.0,61.0,18.0,74.0,14.0,6.0,BobbyGreen,155.0,10.0,35,5.45,3.55,1.46,0.3,51.0,62.0,39.0,72.0,27.0,12.0,0
142,PhilHawes,185.0,77.0,32,3.44,3.29,2.7,0.4,58.0,52.0,38.0,0.0,11.0,2.0,ChrisCurtis,185.0,10.0,34,7.23,5.34,0.0,0.0,70.0,60.0,0.0,0.0,26.0,8.0,0
143,EdmenShahbazyan,185.0,74.0,24,3.46,4.1,2.97,0.7,49.0,48.0,40.0,55.0,11.0,2.0,NassourdineImavov,185.0,75.0,26,4.3,2.23,0.79,1.6,54.0,58.0,22.0,69.0,10.0,3.0,0
144,IanGarry,170.0,74.0,24,0.0,0.0,0.0,0.0,0.0,0.0,0.0,0.0,7.0,0.0,JordanWilliams,185.0,75.0,31,5.97,5.65,1.23,0.0,50.0,35.0,57.0,85.0,9.0,5.0,1
145,GianVillante,230.0,76.0,36,4.39,5.48,0.46,0.0,43.0,55.0,23.0,83.0,17.0,13.0,ChrisBarnett,265.0,75.0,35,4.64,8.43,0.0,0.0,38.0,40.0,0.0,0.0,21.0,7.0,0
146,DustinJacoby,205.0,76.0,33,4.32,3.36,0.35,0.0,49.0,58.0,40.0,58.0,15.0,5.0,JohnAllan,205.0,75.0,28,2.95,4.01,1.94,1.2,43.0,52.0,71.0,50.0,13.0,6.0,1
147,MelsikBaghdasaryan,145.0,70.0,29,6.69,3.76,0.0,0.0,62.0,52.0,0.0,66.0,6.0,1.0,BrunoSouza,145.0,10.0,25,0.0,0.0,0.0,0.0,0.0,0.0,0.0,0.0,10.0,1.0,1
148,CJVergara,135.0,68.0,30,4.63,4.39,0.0,0.0,50.0,66.0,0.0,0.0,9.0,2.0,OdeOsbourne,125.0,73.0,29,4.12,3.4,1.19,1.2,52.0,39.0,0.0,66.0,9.0,4.0,0
149,MaxHolloway,145.0,11.0,30,7.26,4.58,0.21,0.3,46.0,60.0,71.0,84.0,22.0,6.0,YairRodriguez,145.0,11.0,29,4.33,3.13,0.9,0.9,45.0,57.0,29.0,63.0,14.0,2.0,1
150,BenRothwell,265.0,78.0,40,3.71,4.57,0.68,0.4,42.0,47.0,35.0,70.0,39.0,13.0,MarcosRogeriodeLima,253.0,75.0,36,3.24,2.11,1.14,0.6,54.0,53.0,66.0,43.0,18.0,8.0,0
151,FeliciaSpencer,145.0,68.0,31,3.05,5.32,0.48,0.2,44.0,44.0,10.0,30.0,8.0,3.0,LeahLetson,145.0,71.0,29,4.87,3.8,0.0,0.0,40.0,63.0,0.0,0.0,5.0,2.0,-2
152,MiguelBaeza,170.0,74.0,29,5.3,5.09,0.57,0.9,49.0,52.0,40.0,0.0,10.0,1.0,KhaosWilliams,170.0,77.0,27,5.2,3.59,0.0,0.0,38.0,50.0,0.0,0.0,12.0,2.0,0
153,SongYadong,135.0,67.0,24,4.91,3.9,0.49,0.3,42.0,57.0,42.0,60.0,17.0,5.0,JulioArce,145.0,70.0,32,4.31,2.94,0.52,0.5,36.0,67.0,30.0,93.0,17.0,4.0,1
154,ThiagoMoises,155.0,70.0,26,2.49,3.81,1.03,1.2,37.0,58.0,35.0,60.0,15.0,5.0,JoelAlvarez,155.0,77.0,28,2.84,3.31,0.0,1.6,37.0,53.0,0.0,0.0,18.0,2.0,0
155,CynthiaCalvillo,125.0,64.0,34,4.24,3.76,1.77,1.1,41.0,65.0,44.0,71.0,9.0,3.0,AndreaLee,125.0,69.0,32,5.48,3.68,1.95,0.9,50.0,64.0,52.0,57.0,12.0,5.0,-2
156,SeanWoodson,145.0,78.0,29,5.27,3.94,0.0,0.6,43.0,57.0,0.0,81.0,8.0,1.0,CollinAnglin,145.0,71.0,28,5.18,4.4,2.75,0.0,54.0,52.0,80.0,0.0,8.0,2.0,1
157,CortneyCasey,125.0,67.0,34,4.33,4.19,0.28,0.6,38.0,52.0,27.0,38.0,9.0,9.0,LianaJojua,125.0,62.0,26,2.53,4.86,1.49,2.2,39.0,48.0,66.0,50.0,8.0,4.0,-2
158,MarcDiakiese,155.0,10.0,28,3.08,2.79,2.16,0.0,39.0,54.0,36.0,62.0,14.0,4.0,RafaelAlves,155.0,68.0,31,2.01,3.71,0.0,1.3,46.0,56.0,0.0,50.0,19.0,10.0,0
159,KennedyNzechukwu,205.0,83.0,29,5.0,5.03,0.0,0.0,42.0,48.0,0.0,80.0,9.0,1.0,Da-UnJung,205.0,78.0,28,3.95,3.9,2.79,0.3,45.0,54.0,61.0,88.0,14.0,2.0,0
160,KetlenVieira,135.0,68.0,30,2.66,3.84,2.19,0.5,36.0,53.0,48.0,92.0,11.0,2.0,MieshaTate,135.0,65.0,35,2.13,2.68,2.16,1.5,42.0,51.0,32.0,52.0,19.0,7.0,-2
161,MichaelChiesa,170.0,75.0,34,1.87,1.72,3.62,1.1,40.0,54.0,53.0,68.0,18.0,5.0,SeanBrady,170.0,10.0,29,4.72,3.6,2.69,1.2,55.0,63.0,60.0,0.0,14.0,0.0,0
162,RaniYahya,135.0,67.0,37,1.57,1.7,2.89,2.0,37.0,50.0,33.0,24.0,27.0,10.0,KyungHoKang,135.0,73.0,34,2.52,2.43,2.53,1.1,44.0,58.0,59.0,71.0,17.0,8.0,1
163,JoanneWood,125.0,65.0,36,6.75,4.5,1.62,0.4,50.0,52.0,55.0,63.0,15.0,6.0,TailaSantos,125.0,68.0,28,3.55,2.01,2.6,0.8,50.0,64.0,86.0,88.0,18.0,1.0,-2
164,DaveyGrant,135.0,69.0,36,4.21,3.25,2.07,0.2,47.0,56.0,46.0,60.0,13.0,5.0,AdrianYanez,135.0,70.0,28,6.13,4.8,0.0,0.0,38.0,55.0,0.0,0.0,14.0,3.0,0
165,PatSabatini,145.0,70.0,31,1.6,1.72,0.89,2.7,50.0,54.0,16.0,0.0,15.0,3.0,TuckerLutz,145.0,72.0,27,5.09,3.67,2.33,0.3,52.0,45.0,63.0,84.0,12.0,1.0,1
166,RafaGarcia,155.0,70.0,27,4.13,6.63,2.5,0.5,34.0,51.0,33.0,0.0,12.0,2.0,NatanLevy,155.0,71.0,30,1.65,0.82,2.75,2.8,60.0,57.0,0.0,0.0,6.0,0.0,1
167,LomaLookboonmee,115.0,61.0,25,5.27,3.13,1.5,0.0,58.0,54.0,37.0,76.0,6.0,2.0,LoopyGodinez,115.0,61.0,28,2.16,2.54,4.38,0.4,52.0,57.0,33.0,85.0,6.0,2.0,-2
168,TerranceMcKinney,155.0,10.0,27,1.73,0.58,4.33,0.0,57.0,66.0,33.0,0.0,11.0,3.0,FaresZiam,155.0,75.0,24,2.13,1.67,0.33,0.0,39.0,65.0,11.0,68.0,12.0,3.0,-2
169,CodyDurden,125.0,67.0,30,3.11,3.93,3.28,0.8,48.0,41.0,26.0,50.0,11.0,3.0,Aoriqileng,125.0,69.0,28,7.73,2.6,3.0,0.0,44.0,46.0,75.0,0.0,18.0,8.0,1
170,ShayilanNuerdanbieke,145.0,69.0,27,1.13,3.53,2.0,0.0,26.0,49.0,14.0,0.0,19.0,7.0,SeanSoriano,145.0,70.0,32,3.49,2.5,1.08,0.0,61.0,54.0,42.0,53.0,14.0,7.0,1
171,LuanaPinheiro,115.0,62.0,29,5.52,3.11,0.61,0.0,50.0,62.0,83.0,0.0,9.0,1.0,SamHughes,115.0,64.0,29,3.45,6.8,0.0,0.0,54.0,40.0,0.0,44.0,5.0,3.0,-2
172,RobFont,135.0,71.0,34,5.58,3.57,1.2,0.6,43.0,61.0,40.0,53.0,19.0,4.0,JoseAldo,135.0,70.0,35,3.63,3.59,0.55,0.1,45.0,61.0,56.0,91.0,30.0,7.0,0
173,BradRiddell,155.0,71.0,30,4.75,3.18,2.0,0.0,53.0,54.0,42.0,62.0,10.0,1.0,RafaelFiziev,155.0,71.0,28,5.34,5.76,0.59,0.0,52.0,50.0,50.0,0.0,10.0,1.0,0
174,JimmyCrute,205.0,74.0,25,4.26,2.71,4.97,2.1,56.0,50.0,80.0,60.0,12.0,2.0,JamahalHill,205.0,79.0,30,7.5,3.6,0.0,0.0,52.0,45.0,0.0,57.0,8.0,1.0,0
175,ClayGuida,155.0,70.0,40,2.53,2.71,3.24,0.7,34.0,62.0,38.0,68.0,36.0,18.0,LeonardoSantos,155.0,75.0,41,2.65,2.77,1.07,0.3,44.0,58.0,29.0,89.0,18.0,5.0,1
176,BrendanAllen,185.0,75.0,26,4.1,4.24,1.29,1.6,52.0,45.0,45.0,50.0,17.0,4.0,ChrisCurtis,185.0,10.0,34,6.54,6.85,0.0,0.0,67.0,55.0,0.0,0.0,27.0,8.0,0
177,AlexMorono,170.0,11.0,31,5.14,3.89,0.38,0.4,42.0,56.0,25.0,52.0,20.0,7.0,MickeyGall,170.0,74.0,29,2.6,3.68,1.32,2.4,46.0,44.0,28.0,36.0,7.0,3.0,1
178,MakiPitolo,185.0,10.0,31,4.2,3.71,2.42,0.5,44.0,56.0,52.0,55.0,13.0,8.0,DuskoTodorovic,185.0,74.0,27,5.71,5.18,0.35,0.0,54.0,48.0,5.0,50.0,10.0,2.0,0
179,ManelKape,125.0,68.0,28,3.71,4.23,0.86,0.0,47.0,49.0,28.0,80.0,16.0,6.0,ZhalgasZhumagulov,125.0,66.0,33,4.21,4.09,1.4,0.5,49.0,60.0,21.0,50.0,14.0,5.0,1
180,BryanBarberena,170.0,72.0,32,5.26,4.45,0.21,0.4,48.0,46.0,25.0,58.0,15.0,8.0,DarianWeeks,170.0,11.0,28,0.0,0.0,0.0,0.0,0.0,0.0,0.0,0.0,5.0,0.0,1
181,JakeMatthews,170.0,11.0,27,3.03,2.16,1.93,0.6,44.0,61.0,41.0,66.0,17.0,5.0,JeremiahWells,170.0,74.0,35,3.82,2.73,0.0,0.0,40.0,11.0,0.0,0.0,9.0,2.0,-2
182,CheyanneVlismas,115.0,63.0,26,4.32,1.77,0.48,0.0,54.0,64.0,33.0,60.0,6.0,2.0,MalloryMartin,115.0,63.0,27,3.99,5.53,3.37,0.5,59.0,58.0,63.0,25.0,7.0,4.0,-2
183,AlonzoMenifield,205.0,76.0,34,4.13,3.36,0.56,0.3,54.0,53.0,25.0,85.0,11.0,2.0,WilliamKnight,205.0,10.0,33,3.55,2.65,2.36,0.3,72.0,34.0,53.0,40.0,10.0,2.0,0
184,ClaudioPuelles,155.0,10.0,25,1.76,3.02,3.35,0.9,47.0,49.0,47.0,62.0,11.0,2.0,ChrisGruetzemacher,155.0,68.0,35,6.93,5.35,0.0,0.0,56.0,54.0,0.0,61.0,15.0,4.0,1
185,JaredVanderaa,265.0,80.0,29,4.5,5.24,0.4,0.0,50.0,39.0,0.0,20.0,12.0,6.0,AzamatMurzakanov,225.0,10.0,32,3.0,1.33,0.0,0.0,52.0,63.0,0.0,0.0,10.0,0.0,-2
186,LouisSmolka,135.0,68.0,30,4.44,3.74,1.84,1.9,46.0,53.0,37.0,31.0,17.0,7.0,VinceMorales,135.0,70.0,31,4.39,4.06,0.2,0.0,39.0,55.0,25.0,50.0,10.0,5.0,0
187,CharlesOliveira,155.0,10.0,32,3.26,3.01,2.64,2.7,52.0,53.0,44.0,57.0,31.0,8.0,DustinPoirier,155.0,72.0,32,5.62,4.19,1.5,1.2,50.0,54.0,36.0,61.0,28.0,6.0,1
188,AmandaNunes,135.0,69.0,33,4.5,2.45,2.5,0.9,51.0,57.0,53.0,84.0,21.0,4.0,JuliannaPena,135.0,69.0,32,2.8,1.7,2.49,0.8,47.0,53.0,53.0,23.0,11.0,4.0,-2
189,GeoffNeal,170.0,11.0,31,4.42,4.68,0.6,0.2,48.0,62.0,50.0,87.0,13.0,4.0,SantiagoPonzinibbio,170.0,73.0,35,4.65,4.38,0.46,0.0,40.0,63.0,36.0,60.0,29.0,4.0,1
190,KaiKara-France,125.0,69.0,28,5.02,3.84,0.53,0.0,39.0,66.0,23.0,86.0,22.0,9.0,CodyGarbrandt,125.0,65.0,30,3.17,4.14,1.05,0.0,38.0,61.0,32.0,83.0,12.0,4.0,1
191,RaulianPaiva,135.0,69.0,26,4.24,4.9,0.62,0.2,43.0,50.0,27.0,75.0,21.0,3.0,SeanO'Malley,135.0,11.0,27,8.25,3.59,0.63,0.6,62.0,65.0,50.0,60.0,14.0,1.0,0
192,JoshEmmett,145.0,70.0,36,4.32,4.02,1.43,0.1,39.0,63.0,47.0,50.0,16.0,2.0,DanIge,145.0,71.0,30,3.82,3.41,1.38,0.4,46.0,56.0,25.0,55.0,15.0,4.0,1
193,PedroMunhoz,135.0,65.0,35,5.55,6.02,0.62,0.7,43.0,57.0,21.0,80.0,19.0,6.0,DominickCruz,135.0,68.0,36,3.65,2.42,2.99,0.1,32.0,72.0,46.0,83.0,23.0,3.0,0
194,AugustoSakai,265.0,77.0,30,5.1,3.98,0.14,0.0,48.0,50.0,50.0,66.0,15.0,3.0,TaiTuivasa,264.0,75.0,28,4.48,3.48,0.0,0.0,50.0,51.0,0.0,46.0,13.0,3.0,0
195,JordanWright,185.0,77.0,30,7.13,7.49,0.0,0.0,60.0,39.0,0.0,0.0,12.0,1.0,BrunoSilva,185.0,74.0,32,5.13,1.96,0.0,0.0,59.0,37.0,0.0,68.0,21.0,6.0,0
196,AndreMuniz,185.0,78.0,31,2.16,1.9,3.12,2.3,58.0,45.0,40.0,40.0,21.0,4.0,ErykAnders,185.0,75.0,34,3.2,3.96,1.47,0.1,47.0,51.0,32.0,76.0,14.0,5.0,1
197,MirandaMaverick,125.0,65.0,24,4.77,2.66,1.71,0.0,43.0,64.0,80.0,70.0,11.0,3.0,ErinBlanchfield,125.0,66.0,22,8.0,2.73,3.0,0.0,57.0,63.0,0.0,0.0,7.0,1.0,-2
198,RyanHall,145.0,10.0,36,2.3,1.22,0.29,0.9,44.0,70.0,11.0,0.0,8.0,2.0,DarrickMinner,145.0,69.0,31,2.96,1.63,3.11,4.0,66.0,40.0,70.0,57.0,26.0,12.0,1
199,RandyCosta,135.0,73.0,27,8.64,6.86,0.0,0.0,46.0,62.0,0.0,0.0,6.0,2.0,TonyKelley,135.0,70.0,34,4.57,4.77,0.0,2.0,47.0,43.0,0.0,50.0,7.0,2.0,0
200,GillianRobertson,125.0,63.0,26,2.01,2.52,2.54,0.9,49.0,51.0,47.0,16.0,9.0,6.0,PriscilaCachoeira,125.0,65.0,33,3.81,7.03,0.0,0.0,40.0,41.0,0.0,63.0,10.0,3.0,-2
201,DerrickLewis,260.0,79.0,36,2.49,2.48,0.49,0.0,50.0,41.0,25.0,55.0,25.0,8.0,ChrisDaukaus,250.0,76.0,32,9.03,3.4,0.0,0.0,53.0,64.0,0.0,0.0,12.0,3.0,1
202,StephenThompson,170.0,75.0,38,4.06,2.75,0.3,0.0,43.0,58.0,45.0,73.0,16.0,5.0,BelalMuhammad,170.0,11.0,33,4.61,3.8,1.8,0.2,42.0,60.0,28.0,91.0,19.0,3.0,0
203,AmandaLemos,115.0,65.0,34,6.32,5.38,1.95,0.5,63.0,46.0,0.0,0.0,10.0,1.0,AngelaHill,115.0,64.0,36,5.71,5.25,0.54,0.1,50.0,63.0,34.0,77.0,13.0,10.0,-2
204,RaphaelAssuncao,135.0,66.0,39,3.26,2.33,1.48,0.3,40.0,68.0,38.0,80.0,27.0,8.0,RickySimon,135.0,69.0,29,3.08,3.13,6.93,0.4,42.0,64.0,54.0,72.0,18.0,3.0,0
205,DiegoFerreira,155.0,74.0,36,4.7,3.38,0.81,0.8,37.0,56.0,24.0,66.0,17.0,4.0,MateuszGamrot,155.0,10.0,31,4.1,2.09,5.35,0.7,48.0,64.0,34.0,0.0,19.0,1.0,0
206,CubSwanson,145.0,70.0,38,4.63,3.66,1.08,0.5,50.0,60.0,51.0,60.0,27.0,12.0,DarrenElkins,145.0,10.0,37,3.46,3.05,2.67,1.1,38.0,52.0,33.0,56.0,27.0,9.0,1
207,DustinStoltzfus,185.0,75.0,30,3.68,4.0,0.48,0.5,41.0,46.0,9.0,50.0,13.0,3.0,GeraldMeerschaert,185.0,77.0,34,3.41,3.75,2.58,1.8,44.0,52.0,40.0,43.0,33.0,14.0,0
208,RaoniBarcelos,135.0,67.0,34,5.39,4.36,1.79,0.6,52.0,66.0,56.0,92.0,16.0,2.0,VictorHenry,135.0,68.0,34,0.0,0.0,0.0,0.0,0.0,0.0,0.0,0.0,21.0,5.0,-2
209,JustinTafa,264.0,74.0,28,5.15,6.12,0.0,0.0,55.0,49.0,0.0,0.0,4.0,3.0,HarryHunsucker,241.0,75.0,32,4.33,8.44,0.0,0.0,51.0,41.0,0.0,0.0,7.0,4.0,1
210,SijaraEubanks,125.0,67.0,36,4.56,3.59,1.94,0.4,43.0,57.0,47.0,65.0,8.0,6.0,MelissaGatto,125.0,69.0,25,7.0,4.3,1.5,0.0,57.0,52.0,20.0,0.0,7.0,0.0,-2
211,CharlesJourdain,145.0,69.0,26,5.07,4.72,0.0,0.6,46.0,59.0,0.0,50.0,11.0,4.0,AndreEwell,145.0,75.0,33,4.35,4.3,0.27,0.1,41.0,53.0,66.0,70.0,17.0,8.0,1
212,RaquelPennington,145.0,67.0,33,3.59,3.21,1.11,0.7,49.0,62.0,28.0,65.0,12.0,9.0,MacyChiasson,145.0,11.0,30,4.16,2.17,0.98,0.5,49.0,46.0,21.0,64.0,8.0,1.0,-2
213,Don'TaleMayes,260.0,81.0,29,4.13,4.46,0.23,0.0,45.0,43.0,20.0,59.0,8.0,4.0,JoshParisian,265.0,79.0,32,6.53,6.13,0.43,0.4,50.0,43.0,14.0,66.0,14.0,4.0,1
214,JordanLeavitt,155.0,71.0,26,1.33,1.12,3.06,0.8,60.0,46.0,40.0,0.0,8.0,1.0,MattSayles,155.0,68.0,27,5.44,3.13,0.0,0.4,42.0,61.0,0.0,81.0,8.0,3.0,1
215,FrancisNgannou,250.0,83.0,36,2.54,2.04,0.2,0.4,41.0,45.0,33.0,72.0,16.0,3.0,CirylGane,245.0,81.0,32,5.37,2.4,0.71,0.3,57.0,62.0,20.0,0.0,10.0,0.0,1
216,BrandonMoreno,125.0,70.0,29,3.44,3.29,2.05,0.8,39.0,58.0,47.0,65.0,19.0,5.0,DeivesonFigueiredo,125.0,68.0,35,3.24,3.4,1.54,2.1,56.0,49.0,52.0,58.0,20.0,2.0,0
217,MichelPereira,170.0,73.0,29,4.22,3.28,2.01,0.8,55.0,58.0,62.0,0.0,26.0,11.0,AndreFialho,170.0,74.0,28,0.0,0.0,0.0,0.0,0.0,0.0,0.0,0.0,14.0,3.0,1
218,CodyStamann,145.0,64.0,33,4.03,3.36,2.8,0.0,46.0,63.0,44.0,75.0,19.0,4.0,SaidNurmagomedov,135.0,70.0,30,4.65,2.37,0.45,0.0,46.0,60.0,7.0,71.0,14.0,2.0,0
219,RodolfoVieira,185.0,73.0,33,2.6,4.04,5.77,1.4,49.0,57.0,52.0,0.0,8.0,1.0,WellingtonTurman,185.0,72.0,26,3.04,3.96,2.22,0.6,47.0,43.0,22.0,0.0,17.0,5.0,-2
220,IliaTopuria,145.0,69.0,25,2.77,1.92,3.35,3.4,48.0,64.0,55.0,0.0,11.0,0.0,CharlesJourdain,145.0,69.0,27,5.7,4.57,0.0,0.5,49.0,60.0,0.0,48.0,12.0,4.0,-2
221,RaoniBarcelos,135.0,67.0,35,5.39,4.36,1.79,0.6,52.0,66.0,56.0,92.0,16.0,2.0,VictorHenry,135.0,68.0,35,0.0,0.0,0.0,0.0,0.0,0.0,0.0,0.0,21.0,5.0,0
222,MichaelMorales,170.0,79.0,23,3.53,3.47,4.0,0.0,43.0,34.0,50.0,0.0,12.0,0.0,TrevinGiles,185.0,74.0,30,3.14,2.01,1.27,0.3,54.0,60.0,80.0,75.0,14.0,3.0,1
223,JackDellaMaddalena,170.0,11.0,26,7.2,4.27,0.0,0.0,47.0,65.0,0.0,75.0,10.0,2.0,PeteRodriguez,170.0,71.0,26,0.0,0.0,0.0,0.0,0.0,0.0,0.0,0.0,4.0,0.0,1
224,TonyGravely,135.0,69.0,31,4.14,3.27,5.57,0.6,54.0,46.0,48.0,50.0,21.0,7.0,SaimonOliveira,135.0,72.0,31,3.13,3.13,3.0,0.0,41.0,55.0,42.0,0.0,18.0,3.0,1
225,SilvanaGomezJuarez,115.0,65.0,38,0.71,2.6,0.0,0.0,23.0,15.0,0.0,16.0,10.0,3.0,VanessaDemopoulos,125.0,59.0,34,3.13,4.67,0.0,1.0,42.0,38.0,0.0,33.0,6.0,4.0,-2
226,MattFrevola,155.0,71.0,32,2.73,3.49,2.58,1.1,37.0,58.0,37.0,40.0,8.0,3.0,GenaroValdez,155.0,72.0,30,6.28,9.77,0.47,2.6,39.0,50.0,50.0,0.0,10.0,0.0,1
227,KayHansen,115.0,63.0,23,3.57,3.03,2.19,1.6,59.0,54.0,25.0,0.0,7.0,4.0,JasmineJasudavicius,125.0,68.0,33,4.67,4.33,4.0,0.0,42.0,50.0,57.0,0.0,6.0,1.0,-2
228,JackHermansson,185.0,77.0,34,4.86,3.36,2.09,0.6,45.0,54.0,36.0,75.0,22.0,6.0,SeanStrickland,185.0,76.0,31,5.45,3.73,1.32,0.3,40.0,66.0,61.0,82.0,24.0,3.0,0
229,PunaheleSoriano,185.0,11.0,30,4.44,4.2,1.58,0.0,43.0,54.0,66.0,0.0,8.0,1.0,NickMaximov,185.0,76.0,25,1.7,1.1,3.0,0.0,49.0,49.0,30.0,0.0,7.0,0.0,0
230,ShavkatRakhmonov,170.0,77.0,28,2.87,1.27,1.27,2.5,56.0,53.0,33.0,0.0,14.0,0.0,CarlstonHarris,170.0,76.0,35,5.27,1.27,0.0,2.7,49.0,77.0,0.0,0.0,17.0,4.0,1
231,SamAlvey,185.0,75.0,36,3.29,3.52,0.07,0.1,44.0,53.0,16.0,81.0,33.0,16.0,BrendanAllen,185.0,75.0,27,4.32,4.72,1.15,1.6,53.0,42.0,35.0,50.0,17.0,5.0,0
232,TreseanGore,185.0,75.0,28,0.0,0.0,0.0,0.0,0.0,0.0,0.0,0.0,4.0,0.0,BryanBattle,185.0,77.0,28,6.34,6.21,2.07,2.1,52.0,40.0,0.0,66.0,7.0,1.0,0
233,JulianErosa,145.0,74.0,33,5.55,5.9,1.45,0.9,47.0,50.0,50.0,58.0,26.0,10.0,StevenPeterson,145.0,10.0,32,4.43,5.29,1.87,0.6,37.0,55.0,30.0,70.0,19.0,9.0,1
234,MilesJohns,135.0,66.0,28,4.03,2.5,0.99,0.0,53.0,71.0,30.0,92.0,12.0,1.0,JohnCastaneda,135.0,71.0,31,4.17,5.07,0.86,0.0,49.0,55.0,25.0,60.0,18.0,5.0,0
235,HakeemDawodu,145.0,73.0,31,4.72,2.39,0.0,0.0,46.0,62.0,0.0,67.0,12.0,2.0,MichaelTrizano,145.0,11.0,31,3.22,2.36,0.29,0.9,53.0,58.0,50.0,71.0,10.0,1.0,1
236,ChidiNjokuani,185.0,80.0,34,3.54,1.47,0.0,0.0,70.0,59.0,0.0,78.0,20.0,7.0,Marc-AndreBarriault,185.0,74.0,32,5.8,4.94,0.35,0.0,46.0,56.0,25.0,70.0,13.0,4.0,1
237,AlexisDavis,135.0,68.0,38,4.55,4.5,0.94,0.7,47.0,55.0,42.0,34.0,20.0,11.0,JulijaStoliarenko,135.0,66.0,29,2.32,3.7,0.34,0.3,37.0,49.0,12.0,71.0,9.0,6.0,-2
238,JailtonAlmeida,205.0,79.0,31,0.29,1.03,6.6,2.2,25.0,12.0,60.0,50.0,14.0,2.0,DaniloMarques,205.0,77.0,37,1.56,1.88,4.26,0.8,79.0,56.0,28.0,0.0,11.0,3.0,1
239,JasonWitt,170.0,10.0,36,2.63,3.1,6.46,1.3,49.0,50.0,45.0,0.0,19.0,7.0,PhilRowe,170.0,80.0,32,4.97,4.54,0.87,0.0,56.0,52.0,33.0,50.0,8.0,3.0,0
240,MalcolmGordon,125.0,71.0,32,2.4,2.4,1.47,0.0,46.0,46.0,18.0,0.0,13.0,5.0,DenysBondar,125.0,69.0,30,0.0,0.0,0.0,0.0,0.0,0.0,0.0,0.0,16.0,3.0,1
241,IsraelAdesanya,185.0,80.0,33,3.94,2.59,0.0,0.2,50.0,62.0,0.0,80.0,21.0,1.0,RobertWhittaker,185.0,73.0,32,4.68,3.34,0.64,0.0,41.0,61.0,34.0,83.0,24.0,5.0,0
242,DerrickLewis,260.0,79.0,37,2.52,2.48,0.48,0.0,50.0,41.0,25.0,55.0,26.0,8.0,TaiTuivasa,264.0,75.0,29,4.63,3.51,0.0,0.0,52.0,49.0,0.0,50.0,14.0,3.0,0
243,JaredCannonier,185.0,11.0,38,3.6,3.19,0.12,0.0,49.0,64.0,33.0,62.0,14.0,5.0,DerekBrunson,185.0,77.0,38,3.45,2.68,3.15,0.5,47.0,53.0,34.0,94.0,23.0,7.0,0
244,AlexanderHernandez,155.0,72.0,30,3.79,3.82,1.57,0.0,36.0,59.0,35.0,62.0,13.0,4.0,RenatoMoicano,155.0,11.0,33,5.12,3.43,1.96,0.7,47.0,65.0,60.0,78.0,15.0,4.0,0
245,BobbyGreen,155.0,10.0,36,5.51,3.56,1.45,0.3,51.0,62.0,39.0,72.0,28.0,12.0,NasratHaqparast,155.0,10.0,27,5.19,3.48,0.16,0.0,46.0,71.0,14.0,78.0,13.0,4.0,0
246,AndreiArlovski,240.0,77.0,43,3.7,3.03,0.43,0.2,44.0,57.0,36.0,78.0,32.0,20.0,JaredVanderaa,265.0,80.0,30,4.5,5.24,0.4,0.0,50.0,39.0,0.0,20.0,12.0,6.0,0
247,RoxanneModafferi,125.0,69.0,40,2.97,4.92,1.3,0.1,30.0,53.0,21.0,25.0,25.0,20.0,CaseyO'Neill,125.0,69.0,25,5.48,3.09,3.83,1.4,56.0,37.0,50.0,66.0,8.0,0.0,0
248,KylerPhillips,135.0,72.0,27,5.2,3.15,3.2,0.3,49.0,60.0,55.0,69.0,9.0,2.0,MarceloRojo,135.0,71.0,34,5.1,7.3,1.03,0.0,36.0,51.0,50.0,0.0,16.0,8.0,0
249,CarlosUlberg,205.0,77.0,32,5.07,8.6,0.0,0.0,62.0,47.0,0.0,0.0,5.0,1.0,FabioCherant,205.0,74.0,28,2.01,5.57,0.0,0.0,47.0,34.0,0.0,0.0,7.0,3.0,0
250,ManaMartinez,135.0,10.0,26,4.84,3.97,1.73,0.9,50.0,40.0,66.0,0.0,9.0,2.0,RonnieLawrence,135.0,68.0,30,3.8,1.09,0.86,0.5,58.0,61.0,76.0,0.0,7.0,1.0,0
251,AJDobson,185.0,76.0,30,8.97,1.84,3.45,3.5,56.0,55.0,50.0,0.0,6.0,0.0,JacobMalkoun,185.0,73.0,27,1.76,1.83,7.84,2.0,47.0,51.0,33.0,0.0,5.0,1.0,0
252,DouglasSilvadeAndrade,135.0,68.0,37,3.79,4.22,0.69,0.0,38.0,58.0,50.0,66.0,27.0,4.0,SergeyMorozov,135.0,67.0,33,2.41,2.45,3.81,0.0,42.0,64.0,37.0,58.0,17.0,4.0,0
253,JeremiahWells,170.0,74.0,36,3.82,2.73,0.0,0.0,40.0,11.0,0.0,0.0,9.0,2.0,BloodDiamond,170.0,11.0,34,0.0,0.0,0.0,0.0,0.0,0.0,0.0,0.0,3.0,0.0,0
254,WilliamKnight,205.0,10.0,34,3.58,2.72,2.05,0.2,65.0,36.0,47.0,45.0,11.0,2.0,MaximGrishin,205.0,78.0,38,2.95,2.33,0.38,0.0,44.0,56.0,33.0,66.0,31.0,9.0,0
255,JohnnyWalker,205.0,82.0,30,3.42,2.81,0.24,0.7,59.0,40.0,0.0,62.0,18.0,6.0,JamahalHill,205.0,79.0,31,7.45,3.68,0.0,0.0,51.0,45.0,0.0,60.0,9.0,1.0,0
256,KyleDaukaus,185.0,76.0,29,3.19,2.61,1.88,1.9,53.0,40.0,27.0,85.0,10.0,2.0,JamiePickett,185.0,80.0,34,3.02,4.17,1.68,0.2,50.0,46.0,50.0,68.0,13.0,6.0,0
257,ParkerPorter,265.0,75.0,37,8.48,7.51,1.42,0.7,51.0,52.0,30.0,0.0,12.0,6.0,AlanBaudot,243.0,79.0,34,7.81,8.06,0.0,0.0,61.0,39.0,0.0,75.0,8.0,2.0,0
258,JimMiller,155.0,71.0,39,2.7,2.92,1.64,1.8,41.0,59.0,43.0,47.0,33.0,16.0,NikolasMotta,155.0,70.0,29,2.8,3.6,0.0,0.0,27.0,66.0,0.0,0.0,12.0,3.0,0
259,JoaquinBuckley,185.0,10.0,28,4.16,4.21,0.8,0.0,37.0,51.0,16.0,0.0,13.0,4.0,AbdulRazakAlhassan,185.0,10.0,37,3.71,4.23,0.53,0.0,48.0,53.0,28.0,55.0,11.0,4.0,0
260,GabrielBenitez,145.0,71.0,34,4.35,3.8,0.15,1.2,39.0,65.0,50.0,56.0,22.0,10.0,DavidOnama,145.0,11.0,28,6.0,5.8,0.0,0.0,58.0,44.0,0.0,42.0,8.0,1.0,0
261,Jessica-RoseClark,135.0,64.0,35,4.1,3.65,1.68,0.3,52.0,59.0,50.0,73.0,11.0,6.0,StephanieEgger,135.0,68.0,34,1.74,1.88,2.01,0.0,52.0,54.0,30.0,40.0,6.0,2.0,0
262,ChasSkelly,145.0,11.0,37,2.02,3.35,1.71,2.4,40.0,48.0,34.0,33.0,18.0,3.0,MarkStriegl,145.0,70.0,34,3.53,1.18,0.0,0.0,42.0,25.0,0.0,0.0,18.0,3.0,0
263,DianaBelbita,115.0,68.0,26,6.72,6.33,0.92,0.0,46.0,51.0,66.0,65.0,14.0,6.0,GloriadePaula,115.0,67.0,27,3.39,1.52,0.0,1.0,54.0,65.0,0.0,66.0,5.0,4.0,0
264,ChadAnheliger,135.0,64.0,36,3.13,2.07,0.0,1.0,60.0,52.0,0.0,58.0,11.0,5.0,JesseStrader,135.0,70.0,31,7.12,7.63,0.0,0.0,56.0,42.0,0.0,0.0,5.0,2.0,0
265,JonathanPearce,145.0,71.0,30,6.79,5.23,7.17,1.0,53.0,46.0,57.0,75.0,11.0,4.0,ChristianRodriguez,145.0,71.0,25,5.2,3.13,0.0,0.0,40.0,60.0,0.0,80.0,7.0,0.0,0
266,MarioBautista,135.0,69.0,29,5.71,4.78,0.48,0.0,45.0,54.0,33.0,70.0,8.0,2.0,JayPerrin,135.0,67.0,29,2.87,2.6,4.0,0.0,44.0,47.0,80.0,80.0,10.0,4.0,0
267,IslamMakhachev,155.0,10.0,31,2.21,0.79,3.37,1.3,58.0,70.0,66.0,88.0,21.0,1.0,BobbyGreen,155.0,10.0,36,5.93,3.65,1.36,0.3,51.0,62.0,38.0,72.0,29.0,12.0,0
268,MishaCirkunov,185.0,77.0,35,3.77,3.08,4.48,1.7,49.0,59.0,44.0,70.0,15.0,7.0,WellingtonTurman,185.0,72.0,26,3.04,3.96,2.22,0.6,47.0,43.0,22.0,0.0,17.0,5.0,0
269,JiYeonKim,125.0,72.0,33,5.04,5.47,0.0,0.0,34.0,56.0,0.0,40.0,9.0,4.0,PriscilaCachoeira,125.0,65.0,34,3.82,6.97,0.0,0.0,41.0,40.0,0.0,65.0,10.0,4.0,0
270,ArmanTsarukyan,155.0,72.0,26,3.59,1.4,3.38,0.0,46.0,62.0,34.0,78.0,17.0,2.0,JoelAlvarez,155.0,77.0,29,3.99,3.34,0.0,1.5,43.0,53.0,0.0,0.0,19.0,2.0,0
271,ArmenPetrosyan,185.0,71.0,32,4.49,1.12,0.0,0.0,57.0,54.0,0.0,40.0,6.0,1.0,GregoryRodrigues,185.0,75.0,30,5.99,4.35,2.94,0.0,57.0,58.0,50.0,0.0,11.0,3.0,0
272,RongZhu,155.0,71.0,22,4.33,4.63,4.56,0.0,53.0,51.0,75.0,0.0,18.0,4.0,IgnacioBahamondes,155.0,75.0,25,7.56,5.32,0.0,0.0,42.0,56.0,0.0,0.0,12.0,4.0,0
273,JosianeNunes,135.0,67.0,29,0.61,7.14,0.0,0.0,40.0,57.0,0.0,0.0,8.0,1.0,RamonaPascual,135.0,66.0,34,0.0,0.0,0.0,0.0,0.0,0.0,0.0,0.0,6.0,2.0,0
274,TerranceMcKinney,155.0,10.0,28,1.73,0.58,4.33,0.0,57.0,66.0,33.0,0.0,11.0,3.0,FaresZiam,155.0,75.0,25,2.13,1.67,0.33,0.0,39.0,65.0,11.0,68.0,12.0,3.0,0
275,AlejandroPerez,135.0,67.0,33,3.45,2.97,0.61,0.4,35.0,63.0,23.0,70.0,23.0,8.0,JonathanMartinez,135.0,70.0,28,4.53,3.86,0.42,0.0,46.0,58.0,37.0,72.0,14.0,4.0,0
276,RamizBrahimaj,170.0,10.0,30,2.64,4.36,1.52,1.0,41.0,50.0,60.0,58.0,9.0,4.0,MichealGillmore,170.0,11.0,35,2.35,3.48,0.0,0.0,59.0,42.0,0.0,55.0,6.0,4.0,0
277,VictorAltamirano,125.0,70.0,31,6.67,4.87,4.0,0.0,57.0,48.0,50.0,68.0,10.0,1.0,CarlosHernandez,125.0,67.0,29,5.13,3.47,0.0,1.0,46.0,49.0,0.0,68.0,7.0,1.0,0
278,ColbyCovington,170.0,11.0,34,4.14,3.09,4.1,0.1,38.0,55.0,46.0,72.0,16.0,3.0,JorgeMasvidal,170.0,11.0,38,4.22,3.01,1.54,0.3,48.0,65.0,59.0,75.0,35.0,15.0,0
279,RafaelDosAnjos,155.0,70.0,38,3.49,3.22,1.93,0.6,46.0,61.0,37.0,58.0,30.0,13.0,RenatoMoicano,155.0,11.0,33,5.12,3.58,2.14,0.8,47.0,64.0,53.0,80.0,16.0,4.0,0
280,EdsonBarboza,145.0,11.0,36,4.11,4.19,0.4,0.1,44.0,59.0,44.0,78.0,22.0,10.0,BryceMitchell,145.0,10.0,28,2.29,1.46,3.26,2.3,61.0,60.0,46.0,33.0,14.0,1.0,0
281,KevinHolland,185.0,81.0,30,3.67,2.34,0.9,0.5,54.0,56.0,45.0,50.0,21.0,7.0,AlexOliveira,170.0,11.0,34,2.97,2.38,2.27,0.5,51.0,47.0,37.0,63.0,22.0,11.0,0
282,SergheiSpivac,260.0,78.0,27,3.71,3.22,2.72,0.2,49.0,55.0,57.0,70.0,13.0,3.0,GregHardy,265.0,80.0,34,4.84,3.22,0.2,0.0,50.0,56.0,33.0,80.0,7.0,4.0,0
283,JalinTurner,155.0,77.0,27,6.2,4.12,0.98,1.9,47.0,45.0,75.0,78.0,11.0,5.0,JamieMullarkey,155.0,74.0,28,3.03,4.45,3.5,0.4,40.0,45.0,32.0,66.0,14.0,4.0,0
284,MarinaRodriguez,115.0,65.0,35,5.05,3.0,0.22,0.2,49.0,57.0,33.0,67.0,15.0,1.0,YanXiaonan,115.0,63.0,33,5.95,3.61,0.92,0.0,42.0,61.0,75.0,65.0,13.0,2.0,0
285,NicolaeNegumereanu,205.0,78.0,28,2.97,5.72,0.48,0.0,38.0,29.0,16.0,62.0,11.0,1.0,KennedyNzechukwu,205.0,83.0,30,4.86,5.04,0.0,0.0,42.0,49.0,0.0,80.0,9.0,2.0,0
286,MarynaMoroz,125.0,67.0,31,4.09,4.15,0.56,0.4,31.0,53.0,18.0,47.0,10.0,3.0,MariyaAgapova,125.0,68.0,25,5.2,4.63,0.85,0.8,53.0,53.0,66.0,33.0,10.0,2.0,0
287,BrianKelleher,145.0,66.0,36,3.49,4.63,1.87,0.8,41.0,55.0,42.0,60.0,24.0,12.0,UmarNurmagomedov,145.0,69.0,26,2.89,0.81,8.67,1.7,60.0,76.0,45.0,0.0,13.0,0.0,0
288,TimElliott,125.0,66.0,36,3.45,2.63,3.79,1.1,44.0,57.0,45.0,56.0,18.0,12.0,TagirUlanbekov,125.0,70.0,31,2.13,2.4,4.5,0.5,39.0,52.0,56.0,55.0,14.0,1.0,0
289,DevonteSmith,155.0,76.0,29,5.1,3.86,0.53,0.5,52.0,54.0,0.0,80.0,11.0,3.0,LudovitKlein,155.0,72.0,27,3.35,4.58,2.1,0.0,52.0,45.0,44.0,50.0,17.0,4.0,0
290,DustinJacoby,205.0,76.0,34,5.2,3.63,0.3,0.0,48.0,58.0,40.0,58.0,16.0,5.0,MichalOleksiejczuk,205.0,74.0,27,4.8,3.74,0.64,0.0,53.0,65.0,40.0,47.0,16.0,4.0,0
291,ThiagoSantos,205.0,76.0,38,3.95,2.28,0.61,0.1,48.0,56.0,36.0,66.0,22.0,9.0,MagomedAnkalaev,205.0,75.0,30,3.6,2.05,1.15,0.0,55.0,62.0,31.0,85.0,16.0,1.0,0
292,MarlonMoraes,135.0,67.0,34,3.34,4.47,0.89,0.4,40.0,53.0,41.0,46.0,23.0,9.0,SongYadong,135.0,67.0,25,4.88,3.77,0.46,0.3,42.0,59.0,42.0,60.0,18.0,5.0,0
293,SodiqYusuff,145.0,71.0,29,5.43,3.46,0.0,0.5,48.0,58.0,0.0,68.0,11.0,2.0,AlexCaceres,145.0,10.0,34,4.14,2.85,0.55,0.8,51.0,65.0,78.0,64.0,19.0,12.0,0
294,KhalilRountreeJr.,205.0,76.0,32,3.24,3.58,0.0,0.2,38.0,49.0,0.0,50.0,10.0,5.0,KarlRoberson,185.0,74.0,32,2.87,2.38,0.92,0.7,51.0,57.0,57.0,45.0,9.0,4.0,0
295,DrewDober,155.0,70.0,34,4.38,4.08,0.82,0.1,40.0,52.0,18.0,55.0,23.0,11.0,TerranceMcKinney,155.0,10.0,28,1.65,0.55,3.29,1.6,60.0,61.0,33.0,0.0,12.0,3.0,0
296,AlexPereira,185.0,79.0,35,2.08,0.57,0.0,0.0,61.0,72.0,0.0,71.0,4.0,1.0,BrunoSilva,185.0,74.0,33,5.74,2.87,0.0,0.0,60.0,32.0,0.0,68.0,22.0,6.0,0
297,MatthewSemelsberger,170.0,75.0,30,6.16,5.67,0.98,0.5,48.0,61.0,0.0,0.0,9.0,3.0,AJFletcher,170.0,10.0,25,4.17,1.67,6.25,0.0,62.0,76.0,50.0,0.0,9.0,0.0,0
298,JJAldrich,125.0,67.0,30,4.05,4.56,0.82,0.0,44.0,61.0,41.0,68.0,10.0,4.0,GillianRobertson,125.0,63.0,27,2.23,2.59,2.56,1.1,52.0,51.0,44.0,16.0,10.0,6.0,0
299,TrevinJones,135.0,70.0,32,2.22,4.49,1.09,0.0,54.0,38.0,15.0,71.0,13.0,7.0,JavidBasharat,135.0,69.0,27,4.93,0.85,3.17,1.1,63.0,62.0,60.0,0.0,11.0,0.0,0
300,DamonJackson,145.0,11.0,34,2.54,3.25,2.48,2.5,38.0,48.0,33.0,35.0,19.0,4.0,KamuelaKirk,145.0,10.0,28,3.27,5.8,1.18,1.8,52.0,30.0,40.0,58.0,12.0,4.0,0
301,SabinaMazo,125.0,70.0,25,6.45,4.5,0.71,0.2,44.0,57.0,80.0,66.0,9.0,3.0,MirandaMaverick,125.0,65.0,25,3.76,2.78,1.2,0.0,41.0,57.0,66.0,44.0,11.0,4.0,0
302,DalchaLungiambula,185.0,76.0,35,2.97,3.91,2.05,0.0,43.0,54.0,46.0,75.0,11.0,3.0,CodyBrundage,185.0,72.0,28,2.7,1.67,0.86,0.9,61.0,48.0,25.0,73.0,6.0,2.0,0
303,KrisMoutinho,135.0,68.0,30,4.81,5.81,0.0,0.0,32.0,27.0,0.0,0.0,9.0,5.0,GuidoCannetti,135.0,68.0,43,3.2,2.87,2.04,0.2,54.0,50.0,50.0,70.0,8.0,7.0,0
304,TafonNchukwi,205.0,77.0,28,6.56,4.13,1.15,0.0,53.0,55.0,57.0,66.0,6.0,1.0,AzamatMurzakanov,225.0,10.0,33,3.0,1.33,0.0,0.0,52.0,63.0,0.0,0.0,10.0,0.0,0
305,AlexanderVolkov,250.0,80.0,34,4.86,2.95,0.53,0.1,57.0,54.0,70.0,73.0,34.0,9.0,TomAspinall,256.0,78.0,29,7.19,2.37,2.73,1.4,65.0,70.0,0.0,0.0,11.0,2.0,0
306,ArnoldAllen,145.0,70.0,28,2.96,2.15,1.44,0.4,40.0,66.0,50.0,76.0,17.0,1.0,DanHooker,145.0,75.0,32,4.9,4.61,0.9,0.2,47.0,52.0,36.0,78.0,21.0,11.0,0
307,PaddyPimblett,155.0,10.0,27,0.64,5.66,0.0,0.0,58.0,50.0,0.0,0.0,17.0,3.0,KazulaVargas,155.0,71.0,37,3.85,1.88,0.44,0.4,53.0,58.0,25.0,25.0,12.0,4.0,0
308,GunnarNelson,170.0,11.0,34,1.71,3.33,1.72,0.9,57.0,49.0,55.0,66.0,17.0,5.0,TakashiSato,170.0,10.0,32,3.16,4.81,0.53,0.0,37.0,50.0,50.0,75.0,16.0,4.0,0
309,MollyMcCann,125.0,62.0,32,5.67,4.87,1.7,0.6,49.0,65.0,32.0,34.0,11.0,4.0,LuanaCarolina,125.0,69.0,29,4.49,2.85,0.0,1.2,50.0,48.0,0.0,88.0,8.0,2.0,0
310,JaiHerbert,155.0,77.0,34,2.18,2.81,0.0,0.0,36.0,44.0,0.0,30.0,11.0,3.0,IliaTopuria,155.0,69.0,25,2.77,1.92,3.35,3.4,48.0,64.0,55.0,0.0,11.0,0.0,0
311,MikeGrundy,145.0,72.0,35,2.14,4.56,3.78,0.4,45.0,56.0,26.0,50.0,12.0,3.0,MakwanAmirkhani,145.0,10.0,34,1.37,2.43,4.12,1.1,44.0,51.0,43.0,57.0,16.0,7.0,0
312,ShamilAbdurakhimov,235.0,76.0,41,2.53,2.69,1.14,0.2,43.0,58.0,24.0,47.0,20.0,6.0,SergeiPavlovich,257.0,84.0,30,6.55,4.59,0.0,0.0,52.0,44.0,0.0,50.0,14.0,1.0,0
313,NikitaKrylov,205.0,77.0,30,4.33,2.52,1.34,1.3,56.0,43.0,33.0,55.0,27.0,8.0,PaulCraig,205.0,76.0,35,2.59,2.39,2.06,1.9,51.0,50.0,25.0,55.0,15.0,4.0,0
314,JackShore,135.0,71.0,27,4.03,1.51,4.47,0.9,58.0,65.0,41.0,0.0,15.0,0.0,TimurValiev,135.0,67.0,32,5.35,2.79,1.62,0.0,55.0,50.0,33.0,50.0,18.0,2.0,0
315,CoryMcKenna,115.0,58.0,23,3.47,3.03,0.5,0.0,44.0,45.0,50.0,71.0,6.0,1.0,EliseReed,115.0,63.0,30,0.26,5.76,0.0,0.0,25.0,45.0,0.0,50.0,4.0,1.0,0
316,MuhammadMokaev,125.0,70.0,22,0.0,0.0,0.0,0.0,0.0,0.0,0.0,0.0,6.0,0.0,CodyDurden,125.0,67.0,31,3.51,4.11,4.05,0.5,46.0,48.0,36.0,60.0,12.0,3.0,0
317,CurtisBlaydes,265.0,80.0,31,3.44,1.65,6.27,0.0,51.0,59.0,53.0,33.0,15.0,3.0,ChrisDaukaus,250.0,76.0,33,7.71,3.51,0.0,0.0,53.0,61.0,0.0,0.0,12.0,4.0,0
318,JoanneWood,125.0,65.0,37,6.71,4.55,1.57,0.4,50.0,52.0,55.0,63.0,15.0,7.0,AlexaGrasso,125.0,66.0,29,4.96,3.61,0.28,0.6,43.0,64.0,40.0,60.0,13.0,3.0,0
319,MattBrown,170.0,75.0,41,3.68,2.68,1.52,1.4,54.0,55.0,44.0,64.0,25.0,18.0,BryanBarberena,170.0,72.0,33,5.44,4.77,0.19,0.4,48.0,45.0,25.0,58.0,16.0,8.0,0
320,AskarAskarov,125.0,67.0,30,3.37,2.65,2.75,0.0,55.0,56.0,28.0,64.0,14.0,0.0,KaiKara-France,125.0,69.0,29,5.09,3.79,0.51,0.0,40.0,65.0,23.0,87.0,23.0,9.0,0
321,IlirLatifi,230.0,10.0,40,1.84,2.86,2.02,0.4,39.0,56.0,34.0,0.0,16.0,8.0,AlekseiOleinik,240.0,80.0,45,3.55,3.99,2.16,2.2,50.0,44.0,46.0,33.0,59.0,16.0,0
322,MarcDiakiese,155.0,10.0,29,3.06,2.8,2.13,0.0,38.0,54.0,35.0,62.0,14.0,5.0,ViacheslavBorshchev,155.0,11.0,30,6.16,5.08,0.0,0.0,64.0,56.0,0.0,33.0,6.0,1.0,0
323,NeilMagny,170.0,80.0,35,3.67,2.06,2.44,0.3,46.0,56.0,42.0,57.0,25.0,9.0,MaxGriffin,170.0,11.0,37,4.35,3.97,1.63,0.4,49.0,57.0,53.0,70.0,18.0,8.0,0
324,SaraMcMann,135.0,66.0,42,2.32,1.94,4.41,0.5,45.0,48.0,65.0,50.0,12.0,6.0,KarolRosa,135.0,67.0,28,7.88,5.17,1.5,0.0,54.0,50.0,50.0,91.0,15.0,3.0,0
325,ChrisGutierrez,135.0,67.0,31,4.63,2.5,0.48,0.2,59.0,62.0,37.0,75.0,17.0,3.0,BatgerelDanaa,135.0,70.0,33,6.28,2.73,0.0,0.0,39.0,61.0,0.0,57.0,10.0,2.0,0
326,AliaskhabKhizriev,185.0,74.0,32,6.0,3.6,8.0,8.0,83.0,66.0,50.0,0.0,13.0,0.0,DenisTiuliulin,185.0,77.0,34,0.0,0.0,0.0,0.0,0.0,0.0,0.0,0.0,10.0,5.0,0
327,JenniferMaia,125.0,64.0,34,3.76,4.08,0.25,0.1,37.0,56.0,33.0,56.0,19.0,8.0,ManonFiorot,125.0,65.0,32,7.1,2.55,1.87,0.0,42.0,70.0,50.0,0.0,8.0,1.0,0
328,MatheusNicolau,125.0,66.0,29,3.88,3.18,1.75,1.2,53.0,67.0,47.0,92.0,17.0,3.0,DavidDvorak,125.0,68.0,30,4.46,3.28,0.0,0.5,46.0,63.0,0.0,78.0,20.0,3.0,0
329,LuisSaldana,145.0,11.0,31,4.66,2.92,0.0,0.4,50.0,61.0,0.0,42.0,15.0,7.0,BrunoSouza,145.0,10.0,26,3.07,5.0,0.0,0.0,44.0,39.0,0.0,0.0,10.0,2.0,0
330,VicenteLuque,170.0,11.0,31,5.65,5.67,0.64,1.0,54.0,52.0,50.0,64.0,21.0,7.0,BelalMuhammad,170.0,11.0,34,4.55,3.61,2.2,0.2,43.0,59.0,33.0,91.0,20.0,3.0,0
331,CaioBorralho,185.0,10.0,29,4.86,2.4,2.7,0.0,64.0,64.0,75.0,0.0,10.0,1.0,GadzhiOmargadzhiev,185.0,71.0,29,2.32,0.46,3.47,3.5,66.0,60.0,0.0,0.0,13.0,0.0,0
332,MiguelBaeza,170.0,74.0,30,4.86,4.97,0.47,1.9,50.0,54.0,28.0,0.0,10.0,2.0,AndreFialho,170.0,74.0,28,3.0,7.13,0.0,0.0,33.0,47.0,0.0,75.0,14.0,4.0,0
333,MayraBuenoSilva,135.0,66.0,31,3.82,5.22,0.0,1.1,53.0,55.0,0.0,71.0,7.0,2.0,WuYanan,135.0,66.0,26,4.51,4.82,0.61,0.3,45.0,51.0,22.0,66.0,12.0,4.0,0
334,PatSabatini,145.0,70.0,32,1.35,1.44,2.82,2.8,55.0,53.0,35.0,0.0,16.0,3.0,TJLaramie,145.0,66.0,25,2.73,3.24,2.56,0.0,51.0,26.0,50.0,0.0,12.0,4.0,0
335,MounirLazzez,170.0,76.0,35,5.69,4.78,3.41,0.0,55.0,45.0,0.0,60.0,10.0,2.0,AngeLoosa,170.0,10.0,29,4.27,7.2,1.0,1.0,34.0,52.0,25.0,0.0,8.0,2.0,0
336,DevinClark,205.0,75.0,32,3.13,2.64,2.51,0.1,56.0,46.0,34.0,56.0,12.0,6.0,WilliamKnight,205.0,10.0,34,3.18,3.06,2.22,0.2,60.0,33.0,42.0,45.0,11.0,3.0,0
337,LinaLansberg,135.0,65.0,40,2.76,3.7,0.71,0.1,57.0,44.0,33.0,50.0,10.0,5.0,PannieKianzad,135.0,66.0,31,5.34,4.35,0.31,0.1,49.0,53.0,22.0,77.0,16.0,6.0,0
338,DrakkarKlose,155.0,70.0,34,3.89,3.64,1.56,0.0,53.0,53.0,30.0,68.0,11.0,2.0,BrandonJenkins,155.0,71.0,31,2.81,5.9,0.0,0.0,39.0,35.0,0.0,25.0,15.0,8.0,0
339,RafaGarcia,155.0,70.0,28,3.53,5.47,4.0,0.3,35.0,53.0,44.0,70.0,13.0,2.0,JesseRonson,155.0,10.0,37,3.54,2.99,0.63,0.6,49.0,59.0,40.0,61.0,21.0,10.0,0
340,ChrisBarnett,265.0,75.0,36,4.9,6.21,0.0,0.0,45.0,40.0,0.0,0.0,22.0,7.0,MartinBuday,265.0,77.0,31,4.66,2.64,0.0,0.0,88.0,38.0,0.0,0.0,9.0,1.0,0
341,JordanLeavitt,155.0,71.0,27,1.31,1.31,2.81,2.2,55.0,53.0,31.0,0.0,9.0,1.0,TreyOgden,155.0,11.0,33,0.0,0.0,0.0,0.0,0.0,0.0,0.0,0.0,15.0,4.0,0
342,IstelaNunes,115.0,66.0,30,4.79,2.78,0.0,0.0,52.0,66.0,0.0,28.0,6.0,2.0,SamHughes,115.0,64.0,30,3.49,5.6,0.0,0.0,47.0,49.0,0.0,41.0,5.0,4.0,0
343,Alatengheili,135.0,66.0,31,2.75,5.1,1.75,0.0,32.0,58.0,33.0,72.0,14.0,8.0,KevinCroom,135.0,11.0,35,2.65,2.88,0.49,0.5,35.0,41.0,5.0,30.0,21.0,14.0,0
344,AmandaLemos,115.0,65.0,35,5.35,4.67,1.31,0.3,58.0,48.0,57.0,87.0,11.0,1.0,JessicaAndrade,125.0,62.0,31,6.24,5.21,2.9,0.4,50.0,53.0,55.0,66.0,22.0,9.0,0
345,ClayGuida,155.0,70.0,41,2.53,2.76,3.26,0.7,34.0,62.0,38.0,68.0,37.0,18.0,ClaudioPuelles,155.0,10.0,26,2.07,2.98,2.87,1.0,51.0,46.0,38.0,55.0,12.0,2.0,0
346,MayceeBarber,125.0,65.0,24,4.67,3.03,1.36,0.2,49.0,54.0,33.0,66.0,9.0,2.0,MontanaDeLaRosa,125.0,68.0,27,2.87,3.17,2.25,1.1,37.0,45.0,31.0,57.0,12.0,6.0,0
347,AlexandrRomanov,262.0,75.0,32,4.26,1.43,5.58,1.3,52.0,43.0,65.0,20.0,15.0,0.0,ChaseSherman,250.0,78.0,33,6.19,6.37,0.0,0.0,45.0,51.0,0.0,77.0,15.0,9.0,0
348,LandoVannata,155.0,71.0,30,4.67,4.77,1.12,0.3,44.0,54.0,40.0,68.0,12.0,5.0,CharlesJourdain,145.0,69.0,27,5.7,4.57,0.0,0.5,49.0,60.0,0.0,48.0,12.0,4.0,0
349,JordanWright,185.0,77.0,31,8.09,8.29,0.0,0.0,63.0,38.0,0.0,0.0,12.0,2.0,Marc-AndreBarriault,185.0,74.0,32,5.81,5.06,0.35,0.0,46.0,56.0,25.0,70.0,13.0,5.0,0
350,DwightGrant,170.0,76.0,38,3.1,2.21,0.6,0.0,33.0,62.0,0.0,70.0,11.0,4.0,SergeyKhandozhko,170.0,74.0,30,2.83,1.7,0.5,0.0,42.0,60.0,16.0,64.0,27.0,6.0,0
351,TysonPedro,205.0,79.0,31,2.7,2.55,0.74,1.5,62.0,48.0,25.0,52.0,7.0,3.0,IkeVillanueva,205.0,73.0,38,4.35,7.91,0.74,0.0,40.0,37.0,50.0,0.0,18.0,13.0,0
352,Aoriqileng,135.0,69.0,29,6.03,8.3,2.0,0.0,45.0,49.0,57.0,54.0,18.0,9.0,CameronElse,135.0,71.0,35,1.92,5.58,0.0,0.0,36.0,58.0,0.0,0.0,10.0,5.0,0
353,PrestonParsons,170.0,11.0,27,6.08,1.89,0.0,0.0,53.0,45.0,0.0,0.0,9.0,3.0,EvanElder,170.0,10.0,25,0.0,0.0,0.0,0.0,0.0,0.0,0.0,0.0,7.0,0.0,0
354,MarcinPrachnio,205.0,74.0,34,6.28,4.1,0.0,0.0,51.0,57.0,0.0,0.0,15.0,5.0,PhilipeLins,240.0,78.0,37,2.66,3.68,0.0,0.0,40.0,49.0,0.0,0.0,14.0,5.0,0
355,DeanBarry,170.0,10.0,30,0.0,0.0,0.0,0.0,0.0,0.0,0.0,0.0,4.0,1.0,MikeJackson,170.0,74.0,37,4.25,1.33,0.95,0.0,58.0,75.0,0.0,88.0,0.0,1.0,0
